"Time (s)","Gyroscope x (rad/s)","Gyroscope y (rad/s)","Gyroscope z (rad/s)","Absolute (rad/s)"
5.184583315E-4,1.488381531E-3,2.284422517E-4,1.925632358E-3,2.444488785E-3
1.047545833E-2,1.685600728E-4,-5.941204727E-4,-5.836300552E-4,8.497150555E-4
2.043245833E-2,-2.670635935E-3,-9.344611317E-5,-2.975683659E-3,3.999465178E-3
3.038945833E-2,7.680385606E-4,-2.425921150E-3,-1.276310533E-3,2.846742916E-3
4.034645833E-2,-2.761182375E-3,1.266551204E-3,-1.047849655E-4,3.039615099E-3
5.030345833E-2,-4.838038236E-3,-1.069054939E-3,1.732867211E-3,5.249030501E-3
6.026045833E-2,2.738996409E-4,9.794486687E-4,4.387773573E-3,4.504097872E-3
7.021745833E-2,9.950326057E-4,-1.583043486E-4,5.980059505E-4,1.171648953E-3
8.017445833E-2,-9.498738218E-4,1.323211938E-3,-2.076342702E-3,2.639005329E-3
9.013145833E-2,-1.979758963E-5,1.168996096E-5,1.583140343E-3,1.583307281E-3
1.000884583E-1,-1.340991817E-3,-4.050945863E-4,7.572956383E-4,1.592437554E-3
1.100444583E-1,-4.813259002E-4,1.601628028E-3,1.097686589E-3,2.000450651E-3
1.200014583E-1,-1.068286598E-3,1.391238533E-3,1.564539969E-3,2.350439581E-3
1.299584583E-1,7.929814747E-4,-8.810972795E-4,3.404065967E-3,3.604555054E-3
1.399154583E-1,-1.845146064E-3,-2.519207075E-3,5.877725780E-4,3.177490344E-3
1.498724583E-1,-1.142257592E-3,-1.417875290E-3,2.187225968E-3,2.845888293E-3
1.598294583E-1,2.283366397E-3,4.615178332E-4,5.806993693E-3,6.256831192E-3
1.697864583E-1,1.841409365E-3,5.849711597E-4,1.577794552E-3,2.494476970E-3
1.797434583E-1,9.029114153E-4,-2.968590707E-5,9.527504444E-4,1.312959895E-3
1.897004583E-1,-1.284622354E-3,-1.383213326E-3,-3.652513027E-3,4.111494268E-3
1.996574583E-1,-4.688962363E-4,-1.174687408E-3,-2.927865833E-3,3.189381213E-3
2.096144583E-1,-1.223014900E-3,-1.052174717E-3,-2.336435020E-3,2.839324864E-3
2.195714583E-1,-4.718946293E-3,1.595539972E-3,1.677215099E-3,5.256163278E-3
2.295284583E-1,-8.253792766E-4,-3.735395148E-4,-3.427416086E-4,9.686353957E-4
2.394854583E-1,1.656953013E-3,1.426757313E-3,1.340109855E-3,2.564570947E-3
2.494414583E-1,-2.091929782E-3,3.305142745E-4,3.119830042E-3,3.770775701E-3
2.593984583E-1,5.949336337E-4,4.919022322E-4,-1.460008323E-3,1.651526003E-3
2.693554583E-1,5.772889126E-4,-2.977605909E-4,-2.746433020E-4,7.052324450E-4
2.793124583E-1,-4.416366573E-4,-2.679331228E-4,-1.589711756E-3,1.671530604E-3
2.892694583E-1,1.474097604E-3,-1.796821132E-3,-6.320402026E-4,2.408527506E-3
2.992264583E-1,-2.401334466E-3,1.526004635E-3,5.844905972E-4,2.904604383E-3
3.091834583E-1,-9.488039650E-4,5.520973355E-5,2.332825214E-3,2.518997927E-3
3.191404583E-1,-3.866106272E-4,-1.133891754E-3,2.556532621E-3,2.823302557E-3
3.290974583E-1,-2.087945584E-3,2.439660951E-3,4.677202553E-3,5.673419255E-3
3.390544583E-1,-3.765984438E-4,1.714462414E-4,2.065971494E-3,2.107002234E-3
3.490114583E-1,2.368796850E-3,-6.180256605E-5,1.296829432E-3,2.701256124E-3
3.589684583E-1,-9.915796109E-4,-1.031460240E-3,-2.201765776E-3,2.625816613E-3
3.689254583E-1,1.755549107E-3,4.829224199E-4,5.366504192E-4,1.898199253E-3
3.788824583E-1,1.981118927E-3,1.678414643E-3,3.645356745E-3,4.475548426E-3
3.888394583E-1,-1.367078396E-3,-2.418602817E-3,3.037877381E-3,4.116702795E-3
3.987954583E-1,2.630425151E-4,2.736211754E-3,1.851972193E-3,3.314490478E-3
4.087524583E-1,2.807427663E-4,-5.208607763E-5,8.853673935E-4,9.302714022E-4
4.187094583E-1,1.633628621E-3,1.571110450E-3,1.066192985E-3,2.504775039E-3
4.286664583E-1,-2.332453150E-3,3.533726558E-4,2.600982785E-3,3.511455735E-3
4.386234583E-1,-2.626443747E-4,1.957127824E-4,1.246500760E-3,1.288817173E-3
4.485804583E-1,-5.080639385E-4,-2.795346081E-4,-1.579016447E-3,1.682130049E-3
4.585374583E-1,-1.701086294E-4,3.660153598E-4,2.335030586E-3,2.369656520E-3
4.684944583E-1,3.859482240E-4,-1.424207352E-3,1.023523510E-4,1.479120893E-3
4.784514583E-1,-1.083850395E-3,-2.220561728E-4,3.859773278E-4,1.171758985E-3
4.884084583E-1,-2.482696436E-4,2.687066793E-3,4.161782563E-4,2.730415739E-3
4.983654583E-1,-1.791304909E-3,1.190369949E-3,5.336254835E-4,2.215967068E-3
5.083224583E-1,-1.575592905E-3,-1.843004487E-3,2.791557461E-3,3.697560223E-3
5.182794583E-1,9.344363352E-4,1.172759570E-3,-1.011170447E-3,1.808591150E-3
5.282364583E-1,5.411973689E-4,1.081695780E-3,-1.206133515E-3,1.708133018E-3
5.381934583E-1,9.804731235E-5,1.606072299E-3,-2.512678504E-3,2.983728334E-3
5.481494583E-1,1.542600570E-3,-3.241105005E-4,-2.228010446E-3,2.729229687E-3
5.581064583E-1,-1.662247581E-3,-3.872271627E-4,1.493953168E-4,1.713280730E-3
5.680634583E-1,-5.847474094E-4,-6.297221407E-4,-5.136653781E-4,1.001165135E-3
5.780204583E-1,2.080810489E-3,1.828907989E-3,-6.188601255E-4,2.838602575E-3
5.879774583E-1,7.703877054E-4,3.021461889E-4,-5.724020302E-4,1.006197605E-3
5.979344583E-1,-5.281695630E-4,2.017449588E-4,5.820766091E-4,8.114661389E-4
6.078914583E-1,-2.403872088E-3,-1.195166260E-4,-4.946403205E-4,2.457143521E-3
6.178484583E-1,2.227365039E-3,-3.733159974E-4,1.824174076E-3,2.903124336E-3
6.278054583E-1,2.104834421E-3,2.606413327E-3,1.006804407E-3,3.498195747E-3
6.377624583E-1,-1.318126451E-3,2.622995526E-4,2.371408045E-3,2.725772278E-3
6.477194583E-1,-1.261187717E-4,4.366282374E-4,-3.889948130E-5,4.561395969E-4
6.576764583E-1,-7.471679710E-4,1.111739315E-3,-1.875050366E-4,1.352546643E-3
6.676334583E-1,-2.188671846E-3,-8.407030255E-4,-3.873035312E-4,2.376356466E-3
6.775904583E-1,-2.393468749E-3,-1.332588494E-3,1.693155617E-3,3.220444175E-3
6.875474583E-1,-4.069013521E-4,-1.105917618E-3,2.042204142E-4,1.195963405E-3
6.975034583E-1,-1.786684152E-4,-4.212195054E-4,4.389509559E-5,4.596466618E-4
7.074604583E-1,-1.087206649E-3,1.095581800E-3,-1.363378018E-3,2.059397338E-3
7.174174583E-1,-1.180949854E-3,-4.349369556E-4,-1.519437879E-3,1.972943025E-3
7.273744583E-1,-4.198634997E-6,1.076365821E-3,-1.203428954E-3,1.614565656E-3
7.373314583E-1,8.637255523E-4,-2.829115838E-4,-1.022599638E-3,1.368126753E-3
7.472884583E-1,4.397003911E-3,1.629969105E-3,-7.680021226E-4,4.751870152E-3
7.572454583E-1,1.117587555E-3,-1.841461286E-3,9.681135416E-4,2.361615007E-3
7.672024583E-1,8.083379362E-4,-8.615124971E-4,1.374505460E-3,1.812423588E-3
7.771594583E-1,1.153834164E-4,-1.506796107E-3,-4.580132663E-4,1.579089609E-3
7.871164583E-1,1.963864081E-3,-1.194576733E-3,-1.972913742E-5,2.298731158E-3
7.970730833E-1,2.248198725E-4,-1.157298684E-4,-3.233291209E-4,4.104620542E-4
8.070300833E-1,1.890593208E-3,3.022914752E-4,4.957057536E-4,1.977737852E-3
8.169870833E-1,4.058808554E-4,1.359566115E-3,5.662776530E-4,1.527687687E-3
8.269440833E-1,6.159913028E-4,5.292203277E-4,-1.757740974E-4,8.309127353E-4
8.369010833E-1,-4.306309856E-4,-8.265953511E-4,2.948045731E-4,9.775544264E-4
8.468570833E-1,6.343750283E-5,-1.195311546E-3,-3.814995289E-4,1.256318391E-3
8.568140833E-1,-9.525583591E-4,-2.438209020E-3,-2.383932471E-3,3.540531694E-3
8.667710833E-1,-1.190805342E-3,2.854506485E-3,4.525929689E-4,3.125870284E-3
8.767280833E-1,1.304842881E-3,8.161226287E-4,1.122910529E-3,1.905150689E-3
8.866850833E-1,-1.245932886E-3,-5.753636360E-4,7.358230650E-4,1.557185812E-3
8.966420833E-1,2.841486596E-3,-1.691760495E-3,3.632541746E-3,4.912378160E-3
9.065990833E-1,3.428633790E-4,1.406418160E-3,2.534996718E-3,2.919208060E-3
9.165560833E-1,-1.498179976E-3,2.767052501E-4,1.152548939E-3,1.910360723E-3
9.265130833E-1,-2.791468054E-3,6.899768487E-4,-2.205036581E-4,2.883918135E-3
9.364700833E-1,3.233649768E-4,-7.807929069E-5,-4.029273987E-4,5.225052846E-4
9.464270833E-1,-1.785492990E-3,-1.338641159E-3,1.402117312E-3,2.635503430E-3
9.563840833E-1,7.271996001E-4,-1.453955658E-3,5.517676473E-4,1.716756782E-3
9.663410833E-1,2.703289967E-3,4.095239565E-4,4.517100751E-4,2.771196223E-3
9.762980833E-1,3.246308537E-3,-8.064759895E-4,-2.502799034E-3,4.177669882E-3
9.862550833E-1,-4.106303677E-4,-3.660451621E-4,-1.306891441E-3,1.417946261E-3
9.962110833E-1,-4.178262316E-5,1.065670513E-3,-1.498639584E-3,1.839380339E-3
1.006168083E0,1.792201772E-3,2.776272595E-6,-2.061165869E-3,2.731373215E-3
1.016125083E0,3.001543228E-3,-2.003382891E-3,5.500614643E-4,3.650393454E-3
1.026082083E0,-7.885964587E-4,-2.915808000E-3,1.478247344E-3,3.362891000E-3
1.036039083E0,1.693203230E-3,3.508254886E-4,4.293743521E-3,4.628849655E-3
1.045996083E0,9.604394436E-4,1.514557749E-3,1.705259085E-3,2.474719711E-3
1.055953083E0,-1.069554128E-4,-1.225036569E-3,3.313310444E-4,1.273551851E-3
1.065910083E0,9.981290204E-4,1.865932718E-4,5.287267268E-4,1.144827735E-3
1.075867083E0,2.830703743E-4,-1.796929166E-3,-1.569308341E-3,2.402459559E-3
1.085824083E0,-1.655330416E-4,-1.265417784E-3,1.254543662E-3,1.789570663E-3
1.095781083E0,-3.299008356E-3,-1.095774584E-3,-6.301738322E-4,3.532887931E-3
1.105738083E0,-1.132485922E-4,-1.493128948E-3,-2.034381032E-5,1.497555732E-3
1.115695083E0,-2.512002829E-4,1.016634516E-3,-2.871938050E-4,1.085876422E-3
1.125652083E0,3.934977576E-5,8.373707533E-4,9.398311377E-4,1.259373158E-3
1.135609083E0,2.389322966E-3,-1.306740567E-3,-6.412900984E-4,2.797800589E-3
1.145565083E0,-1.200419618E-3,4.384648055E-4,6.622932851E-4,1.439406489E-3
1.155522083E0,-1.803625608E-3,-2.443874255E-3,2.376835793E-3,3.856803741E-3
1.165479083E0,-2.220675815E-4,6.593186408E-4,1.750294119E-3,1.883492656E-3
1.175436083E0,-6.207427941E-4,6.220340729E-4,3.321617842E-4,9.394570002E-4
1.185393083E0,7.059685886E-4,-8.532376960E-4,-2.793185413E-4,1.142114294E-3
1.195350083E0,-1.365438104E-3,1.751067117E-3,-9.421780705E-4,2.412127024E-3
1.205307083E0,-4.389788955E-4,3.506354988E-4,7.908828557E-4,9.701254636E-4
1.215264083E0,-1.827827655E-4,1.884484664E-4,6.872862577E-4,7.357205746E-4
1.225221083E0,3.069486702E-3,1.516888849E-3,1.243121922E-3,3.642533803E-3
1.235178083E0,9.522737237E-4,2.833120525E-4,-6.341375411E-4,1.178652360E-3
1.245135083E0,-1.080793794E-3,-2.133214846E-3,-1.641452312E-3,2.900532106E-3
1.255092083E0,-6.957005244E-4,6.527183577E-4,-1.841671765E-4,9.715750218E-4
1.265049083E0,1.259287703E-3,6.349850446E-5,-9.806454182E-5,1.264695312E-3
1.275006083E0,-1.063787611E-3,-9.559597820E-4,8.654668927E-4,1.671686612E-3
1.284962083E0,-3.418680280E-3,-6.651319563E-4,1.487798989E-3,3.787257743E-3
1.294919083E0,-2.022385132E-3,-1.083514653E-3,3.626585007E-3,4.291405881E-3
1.304876083E0,2.092774957E-4,-2.057814971E-3,1.712847501E-3,2.685562527E-3
1.314833083E0,-1.369977137E-3,-1.029568724E-3,-6.515048444E-4,1.833386941E-3
1.324790083E0,1.033096225E-3,1.632054336E-3,-1.386255026E-3,2.377518068E-3
1.334747083E0,-2.164561301E-3,-1.213708892E-4,7.474683225E-4,2.293199820E-3
1.344704083E0,-2.313866047E-3,-1.241439953E-3,1.372206956E-3,2.962786049E-3
1.354661083E0,-8.398061618E-4,-1.914687455E-3,-2.129077911E-4,2.101578494E-3
1.364618083E0,2.045943867E-3,6.241071969E-4,2.096213400E-3,2.994913475E-3
1.374575083E0,-8.779407945E-4,2.957302146E-3,-1.702517271E-3,3.523489900E-3
1.384532083E0,9.607621469E-4,-1.255482435E-3,-6.300322711E-4,1.701834513E-3
1.394489083E0,-5.990513600E-4,6.713150069E-4,-2.052959055E-3,2.241465425E-3
1.404446083E0,4.146940773E-4,-5.203401670E-4,-1.581639051E-3,1.715898353E-3
1.414403083E0,-7.293999661E-4,2.634283155E-4,3.445874900E-3,3.532063506E-3
1.424359083E0,2.404781990E-4,5.160402507E-4,2.718087286E-3,2.777071443E-3
1.434316083E0,6.071955431E-4,2.405552194E-3,3.444142640E-4,2.504793199E-3
1.444273083E0,1.254854724E-4,1.902219839E-3,-3.748871386E-4,1.942865741E-3
1.454230083E0,-2.550801728E-4,5.994020030E-4,1.803576946E-3,1.917612697E-3
1.464187083E0,1.032883651E-3,1.164199784E-3,-1.582063735E-3,2.219264616E-3
1.474144083E0,-5.293267313E-4,4.113242030E-4,1.233428717E-3,1.403823631E-3
1.484101083E0,-1.494979020E-3,-8.780257776E-4,-2.386406064E-3,2.949716163E-3
1.494058083E0,-1.186052337E-3,-2.235705033E-3,-5.525536835E-4,2.590446431E-3
1.504015083E0,1.133844373E-3,-8.758902550E-4,1.489069313E-3,2.066425469E-3
1.513972083E0,-8.242134936E-5,1.547852531E-3,2.817720175E-3,3.215927194E-3
1.523929083E0,-1.837010030E-3,-1.415198669E-3,4.639692605E-3,5.186920145E-3
1.533886083E0,-6.497725844E-4,-8.298354223E-4,3.293197602E-3,3.457742282E-3
1.543843083E0,6.142272614E-4,-1.933493651E-3,3.566998988E-3,4.103553900E-3
1.553800083E0,-2.391416579E-3,5.933139473E-4,-2.350810915E-3,3.405467171E-3
1.563757083E0,7.194683421E-4,7.241312414E-4,-7.892549038E-4,1.290319361E-3
1.573713083E0,3.202604130E-4,1.625877805E-3,-4.486788064E-3,4.783023364E-3
1.583670083E0,-8.610039949E-4,5.300501361E-4,-1.240219921E-3,1.600133269E-3
1.593627083E0,-2.421083860E-3,-9.061926976E-4,4.034824669E-4,2.616415556E-3
1.603584083E0,4.741246812E-5,2.446711995E-3,1.777108759E-3,3.024361597E-3
1.613541083E0,-2.025059657E-3,-4.627909511E-4,2.304680645E-3,3.102675451E-3
1.623498083E0,-5.265197251E-4,2.029531635E-3,2.055145800E-3,2.935957414E-3
1.633455083E0,-2.521493472E-3,-8.038049564E-4,-6.759241223E-4,2.731465753E-3
1.643412083E0,2.080749720E-3,-3.693336621E-4,-6.727837026E-4,2.217783728E-3
1.653369083E0,-1.409322955E-3,-5.075521767E-4,-7.308423519E-4,1.666712617E-3
1.663326083E0,1.346294535E-3,-1.763701439E-4,-2.143941820E-4,1.374620045E-3
1.673283083E0,1.843573991E-4,-2.438724972E-3,2.227459103E-3,3.308011668E-3
1.683240083E0,-9.614683222E-4,-9.964453056E-4,3.034081310E-3,3.335112289E-3
1.693197083E0,2.138184849E-3,6.587086245E-4,2.854581922E-3,3.626895291E-3
1.703154083E0,2.504525473E-3,-4.571368918E-4,2.023577690E-3,3.252151388E-3
1.713110083E0,1.064288081E-3,-1.199093647E-3,9.617768228E-4,1.869638829E-3
1.723067083E0,3.781146370E-4,-2.199822105E-3,-4.262410104E-3,4.811478761E-3
1.733024083E0,-1.294084126E-3,-2.907961607E-5,-3.234963864E-3,3.484320673E-3
1.742981083E0,3.427644260E-4,-1.212543808E-3,-1.047570258E-3,1.638643764E-3
1.752938083E0,1.467557158E-4,7.422165945E-4,2.013735473E-3,2.151174858E-3
1.762895083E0,-1.030010404E-3,6.740819663E-4,1.835424453E-3,2.209997930E-3
1.772852083E0,-1.785548870E-3,-4.436466843E-4,4.227209836E-3,4.610239706E-3
1.782809083E0,4.568217322E-3,-2.102861181E-4,1.832429320E-3,4.926522807E-3
1.792769958E0,-2.947149333E-4,1.871506684E-3,3.876648843E-4,1.933824765E-3
1.802726958E0,1.459645806E-3,-8.434774354E-4,-2.523664385E-3,3.034946786E-3
1.812683958E0,-2.292481950E-3,-3.776904196E-4,-1.310858876E-3,2.667672119E-3
1.822640958E0,7.417029701E-5,2.226885408E-5,-1.598764211E-3,1.600638665E-3
1.832597958E0,-1.296292525E-3,-9.489860386E-4,-2.552010119E-4,1.626676479E-3
1.842554958E0,-7.996568456E-5,1.983912662E-4,1.335412264E-3,1.352434664E-3
1.852510958E0,-6.176577881E-4,1.089088619E-4,6.641447544E-5,6.306926081E-4
1.862467958E0,1.840887126E-4,1.222844236E-3,-2.764694393E-3,3.028658410E-3
1.872424958E0,-1.276921481E-3,-2.038462088E-3,-7.215179503E-4,2.511263487E-3
1.882381958E0,6.984496722E-4,6.027380005E-4,-3.031864762E-4,9.711061122E-4
1.892338958E0,-5.732097197E-4,-1.030312851E-3,3.177564591E-3,3.389252231E-3
1.902295958E0,-1.476160483E-3,3.974903375E-4,4.201054573E-3,4.470560129E-3
1.912252958E0,8.061685367E-4,-1.494685188E-3,2.710752189E-3,3.198776165E-3
1.922209958E0,-2.452025656E-3,-1.253129914E-3,3.795377910E-3,4.689099901E-3
1.932166958E0,1.096688211E-4,-5.908021703E-4,-9.519755840E-4,1.125758397E-3
1.942123958E0,1.212399919E-3,1.340116374E-3,-4.368852824E-3,4.727864260E-3
1.952080958E0,3.321357071E-3,6.439657882E-4,-2.047374845E-3,3.954471960E-3
1.962037958E0,1.299199648E-4,1.596156508E-4,-8.867420256E-4,9.103119099E-4
1.971994958E0,-1.887158025E-3,-2.256403677E-3,3.039289266E-3,4.229657457E-3
1.981950958E0,1.722112764E-3,5.774432793E-4,6.021924317E-3,6.289887566E-3
1.991907958E0,1.697611646E-3,-2.979375422E-4,1.459129155E-3,2.258253743E-3
2.001864958E0,1.736779232E-4,5.154404789E-4,1.376826316E-3,1.480369418E-3
2.011821958E0,1.012839959E-3,1.296545379E-3,-3.482375294E-3,3.851468861E-3
2.021778958E0,-1.378486864E-3,9.782165289E-4,-1.554690301E-3,2.296561679E-3
2.031735958E0,1.957076602E-4,-2.939756960E-4,2.289317548E-3,2.316397642E-3
2.041692958E0,-1.544462750E-3,3.326404840E-5,3.157056868E-3,3.514751734E-3
2.051649958E0,-6.288681179E-4,1.670309342E-3,3.143209964E-3,3.614578438E-3
2.061606958E0,7.806462236E-5,-1.105541363E-3,1.434244215E-3,1.812559588E-3
2.071563958E0,-7.853321731E-4,7.805088535E-4,1.904290169E-3,2.202784997E-3
2.081520958E0,-1.641638577E-3,-1.017662697E-3,-3.547221422E-4,1.963782671E-3
2.091477958E0,-2.637128346E-3,1.703821123E-3,3.069039434E-3,4.390496029E-3
2.101434958E0,7.411326515E-4,4.587955773E-4,-1.288905740E-3,1.555972042E-3
2.111391958E0,1.573676709E-4,-3.029147163E-3,-1.575727016E-3,3.418100751E-3
2.121347958E0,-1.547063468E-3,1.659737900E-4,1.268677413E-3,2.007609288E-3
2.131304958E0,-1.145991264E-3,2.037909813E-3,9.339191020E-4,2.517653128E-3
2.141261958E0,9.451842634E-4,-2.001999877E-3,2.401348203E-3,3.266167478E-3
2.151218958E0,-1.019707415E-4,-9.677466005E-5,4.006169736E-3,4.008635594E-3
2.161175958E0,-2.240287140E-4,1.345640980E-3,1.669421792E-3,2.155900654E-3
2.171132958E0,6.881039590E-4,-1.185161062E-3,3.599449992E-4,1.416917147E-3
2.181089958E0,5.013984628E-5,2.359726466E-3,-3.522858024E-4,2.386404887E-3
2.191046958E0,-2.734342124E-4,-1.601567492E-4,-1.443915069E-3,1.478278451E-3
2.201003958E0,-4.623641726E-4,1.238919795E-4,1.145396382E-3,1.241395474E-3
2.210960958E0,-7.806997746E-5,-2.624756657E-3,2.348612994E-3,3.522985300E-3
2.220917958E0,2.439056989E-4,-2.343271859E-3,-3.576543182E-3,4.282764776E-3
2.230874958E0,-6.530471146E-4,1.698074862E-3,-3.509223461E-4,1.852855975E-3
2.240831958E0,-5.210121162E-4,5.007535219E-5,7.442831993E-4,9.099003500E-4
2.250788958E0,1.815379132E-3,-1.294554211E-3,-1.822300255E-4,2.237114163E-3
2.260744958E0,4.319986328E-5,-1.571895555E-4,-1.878451556E-3,1.885511876E-3
2.270701958E0,1.787547953E-4,4.414562136E-5,-1.805748791E-3,1.815111789E-3
2.280658958E0,-9.549851529E-5,-1.556980424E-3,7.855966687E-4,1.746559513E-3
2.290615958E0,-2.576850820E-4,5.173552781E-4,-1.554254442E-3,1.658241526E-3
2.300572958E0,-1.562512480E-4,-1.731384546E-4,-2.201162279E-4,3.206907088E-4
2.310529958E0,-1.565176062E-4,1.098521054E-3,2.233985811E-3,2.494381461E-3
2.320486958E0,-1.431816258E-3,3.402866423E-5,2.345681190E-3,2.748358782E-3
2.330443958E0,-1.389205689E-3,-6.927475333E-4,7.789433002E-4,1.736820156E-3
2.340400958E0,-9.850750212E-4,-1.014116220E-3,-1.422062516E-3,2.005259660E-3
2.350357958E0,-6.154282019E-4,4.775198177E-4,1.303415745E-3,1.518443168E-3
2.360314958E0,-1.048384467E-3,-3.774659708E-4,-4.094578326E-4,1.187116787E-3
2.370271958E0,-6.683513056E-4,-3.311270848E-4,1.358348876E-3,1.549661345E-3
2.380228958E0,-8.649213705E-4,-1.114932820E-4,3.050755709E-3,3.172952903E-3
2.390184958E0,-3.768832423E-3,-8.779512718E-4,1.274425536E-3,4.074193996E-3
2.400141958E0,-4.071670119E-4,2.742549405E-4,2.696923912E-4,5.601202851E-4
2.410098958E0,-9.344727732E-4,4.111416638E-4,-5.071498454E-4,1.139946401E-3
2.420055958E0,1.055361005E-3,1.036184840E-3,2.041764557E-3,2.521164092E-3
2.430012958E0,-1.089016208E-3,1.813561656E-3,-1.854375005E-4,2.123522839E-3
2.439969958E0,-1.306686318E-3,7.238872349E-4,2.183601260E-3,2.645667463E-3
2.449926958E0,-4.536758643E-4,3.598332405E-4,1.557491720E-3,1.661650447E-3
2.459883958E0,2.616331913E-4,1.808051020E-4,-1.640617847E-5,3.184518399E-4
2.469840958E0,-1.755977748E-3,1.589674503E-4,1.088537276E-3,2.072110495E-3
2.479797958E0,-1.797908917E-3,1.128888689E-3,-2.619363368E-4,2.139036416E-3
2.489754958E0,7.728405762E-4,-1.040522940E-3,1.778844744E-3,2.200967780E-3
2.499711958E0,-2.292501740E-4,-3.082509153E-3,1.473456621E-3,3.424250682E-3
2.509668958E0,-4.500262439E-4,1.378019340E-3,4.593245685E-4,1.520670899E-3
2.519625958E0,-6.489707157E-4,-8.936533704E-4,1.205060631E-3,1.634610186E-3
2.529581958E0,-2.944349311E-3,5.962327123E-6,-2.166766673E-3,3.655695041E-3
2.539538958E0,3.196620848E-3,2.789075486E-3,-1.317407936E-3,4.442171832E-3
2.549495958E0,-3.394703148E-3,1.284921542E-3,-1.853499562E-3,4.075597313E-3
2.559452958E0,2.293095458E-4,3.017447889E-4,-1.646313816E-3,1.689373247E-3
2.569409958E0,-9.768363088E-4,7.382370532E-4,-5.323141813E-4,1.335126027E-3
2.579366958E0,-9.483133908E-4,-6.155874580E-4,1.453522593E-3,1.841459783E-3
2.589323958E0,2.185428282E-3,7.641958073E-4,1.112107188E-3,2.568438126E-3
2.599280958E0,-1.545624109E-3,1.574529335E-3,2.130396664E-3,3.067032191E-3
2.609237958E0,7.436290616E-4,4.860954359E-4,-2.765692770E-4,9.304641418E-4
2.619194958E0,8.940810803E-4,4.328321666E-5,-2.427056432E-3,2.586862451E-3
2.629151958E0,-1.679064939E-3,2.567427233E-3,-2.915479243E-3,4.232134317E-3
2.639108958E0,1.255038078E-3,2.295413986E-3,-1.178488135E-3,2.869299606E-3
2.649065958E0,-1.788078807E-4,1.426691189E-3,1.102242619E-3,1.811728125E-3
2.659021958E0,1.306814724E-3,-6.837435067E-4,-6.563775241E-4,1.614342392E-3
2.668978958E0,-2.398441313E-3,2.575699240E-3,2.540480345E-3,4.340597619E-3
2.678935958E0,1.728155068E-3,-5.254065618E-4,2.803020179E-3,3.334590548E-3
2.688892958E0,-2.042346168E-4,-2.063914202E-3,-7.624179125E-4,2.209691084E-3
2.698849958E0,5.889000604E-4,9.510777891E-4,1.188196242E-3,1.631919897E-3
2.708806958E0,-1.398616936E-3,7.750429213E-4,5.959086120E-4,1.706437206E-3
2.718763958E0,-3.400736023E-4,2.017915249E-4,-2.871178091E-3,2.898281129E-3
2.728720958E0,-1.456737053E-3,-9.967852384E-5,-9.563639760E-4,1.745465755E-3
2.738677958E0,-1.745713409E-3,9.441347793E-4,7.391236722E-4,2.117831341E-3
2.748634958E0,2.276890446E-4,3.379993141E-4,6.017051637E-4,7.267289325E-4
2.758591958E0,2.341207117E-3,-1.010002568E-3,1.618873328E-3,3.020282570E-3
2.768548958E0,-1.421906054E-4,2.499390393E-4,3.453493118E-4,4.493927445E-4
2.778505958E0,-1.002921024E-3,6.283717230E-4,-1.445755363E-3,1.868397755E-3
2.788461958E0,-2.849327866E-4,-9.354362264E-4,-3.398653120E-3,3.536533706E-3
2.798415000E0,-4.927844275E-4,2.776179463E-5,-9.921081364E-4,1.108100069E-3
2.808372000E0,2.020706888E-3,-1.928596757E-3,-8.653402328E-4,2.924304276E-3
2.818329000E0,-1.518972218E-3,-8.213957772E-4,5.570314825E-4,1.814456308E-3
2.828286000E0,1.017954899E-3,-3.199223429E-4,3.558147699E-3,3.714700193E-3
2.838243000E0,-4.039199557E-4,7.822494954E-4,8.700564504E-4,1.237765661E-3
2.848200000E0,-8.188404609E-4,-7.083220407E-4,-5.832314491E-4,1.229788086E-3
2.858157000E0,-5.200726446E-4,2.629030496E-3,-4.224907607E-3,5.003211088E-3
2.868114000E0,7.680982817E-4,-6.019165739E-4,6.731785834E-4,1.185515895E-3
2.878071000E0,7.665309822E-4,-1.516591758E-3,1.392655075E-3,2.197068152E-3
2.888028000E0,8.706606459E-4,1.578534022E-3,2.517309040E-3,3.096233909E-3
2.897985000E0,1.749489456E-6,4.017390311E-4,2.587869763E-3,2.618867546E-3
2.907942000E0,1.319748000E-3,-9.719198570E-4,-1.639761031E-4,1.647194935E-3
2.917899000E0,-1.170856878E-3,7.230667397E-4,-3.427263349E-3,3.693218841E-3
2.927855000E0,2.699781442E-3,-2.756183967E-4,-3.528729081E-3,4.451596822E-3
2.937812000E0,-1.937876688E-3,2.611268312E-3,-1.600615680E-3,3.624370126E-3
2.947769000E0,-1.948262798E-3,2.528443933E-3,1.203425229E-3,3.411303113E-3
2.957726000E0,1.235465868E-3,-5.202107131E-4,2.208545804E-3,2.583538207E-3
2.967683000E0,1.113456674E-4,-9.087659419E-4,5.392353982E-3,5.469527846E-3
2.977640000E0,2.339794300E-4,-1.233202405E-3,1.635380089E-3,2.061553439E-3
2.987597000E0,-1.377977896E-4,-1.087260433E-3,-3.638565540E-4,1.154779230E-3
2.997554000E0,2.681972459E-3,8.784141392E-5,-2.496235073E-3,3.664953195E-3
3.007511000E0,-1.380679663E-3,-4.569999874E-6,-3.668826073E-3,3.920023211E-3
3.017468000E0,5.122208968E-4,-8.287793025E-4,7.101856172E-4,1.205657078E-3
3.027425000E0,2.503999043E-3,5.816305056E-4,-1.429665834E-3,2.941470661E-3
3.037382000E0,1.257923432E-3,-4.282807931E-4,2.729803324E-3,3.036053686E-3
3.047339000E0,-4.616796505E-4,7.823919877E-4,6.627604365E-3,6.689575842E-3
3.057295000E0,-1.118279761E-3,-1.256898977E-3,3.408789635E-3,3.801340742E-3
3.067252000E0,-4.658054095E-4,-2.707298845E-4,-1.273311675E-3,1.382603331E-3
3.077209000E0,2.549733035E-4,-1.910924911E-4,3.755167127E-4,4.924840375E-4
3.087166000E0,-1.612435328E-3,-2.125878818E-3,-1.153051853E-4,2.670693491E-3
3.097123000E0,1.356196706E-3,6.752088666E-7,5.978643894E-4,1.482130828E-3
3.107080000E0,1.486425288E-3,-5.966722965E-4,1.644752920E-3,2.295798365E-3
3.117037000E0,9.431808721E-4,5.880724639E-4,1.623965800E-3,1.967913692E-3
3.126994000E0,4.268669989E-3,1.522841863E-3,1.224491745E-3,4.694674733E-3
3.136951000E0,2.637302736E-3,1.501922496E-3,-3.503497690E-3,4.635259752E-3
3.146908000E0,-1.541995909E-3,-1.794379205E-5,-2.427581698E-3,2.875973968E-3
3.156865000E0,1.396831358E-3,-2.333251759E-3,-1.805800945E-3,3.264371098E-3
3.166822000E0,-4.165149294E-4,-2.538048662E-3,3.268606961E-4,2.592684634E-3
3.176779000E0,7.812300464E-4,3.290157765E-4,1.301966608E-3,1.553605102E-3
3.186735000E0,-2.698456170E-3,1.227566972E-3,9.565539658E-4,3.115057281E-3
3.196692000E0,-2.323416062E-3,-9.166728705E-4,1.100469381E-3,2.729392644E-3
3.206649000E0,1.177042723E-3,-7.073478773E-4,9.617209435E-4,1.676507609E-3
3.216606000E0,2.880685497E-4,2.411789261E-3,-7.178634405E-6,2.428942663E-3
3.226563000E0,-1.128200442E-3,-2.813066356E-3,1.265544444E-3,3.284475803E-3
3.236520000E0,-3.017419484E-3,7.854467258E-4,3.949590027E-4,3.142887130E-3
3.246477000E0,-2.028854098E-3,2.587874420E-3,5.592741072E-4,3.335585480E-3
3.256434000E0,1.213554060E-3,1.812245697E-3,1.756150275E-3,2.800180657E-3
3.266391000E0,6.233975291E-4,-5.265427753E-4,4.040636122E-4,9.105707970E-4
3.276348000E0,2.155108145E-3,1.608334482E-3,-6.806403399E-4,2.773896572E-3
3.286305000E0,-8.207079954E-4,1.519651152E-3,9.737163782E-4,1.982681221E-3
3.296262000E0,1.129467739E-3,-8.784281090E-4,1.804608852E-3,2.303029835E-3
3.306219000E0,-3.821426071E-4,2.296326682E-3,-9.605512023E-4,2.518294624E-3
3.316175000E0,1.199198538E-3,5.793990567E-4,2.039551735E-3,2.435888273E-3
3.326132000E0,1.022098237E-3,8.804537356E-5,2.410531044E-3,2.619751268E-3
3.336089000E0,-1.717617270E-4,-6.733806804E-4,1.880496740E-3,2.004797152E-3
3.346046000E0,-3.390081692E-4,-1.416935585E-3,2.988427877E-4,1.487259226E-3
3.356003000E0,-7.666260935E-4,7.113385946E-4,-1.716647297E-3,2.010123406E-3
3.365960000E0,2.570048440E-3,-2.782912925E-4,-1.633558422E-3,3.057958166E-3
3.375917000E0,2.527281642E-3,-1.208084635E-3,-1.278482378E-4,2.804098100E-3
3.385874000E0,-1.323915552E-3,9.868927300E-4,2.721585333E-4,1.673553082E-3
3.395831000E0,9.265571134E-4,-1.694380306E-3,-8.439198136E-4,2.107518293E-3
3.405788000E0,1.273034373E-3,-2.019552514E-3,9.867399931E-4,2.583188860E-3
3.415745000E0,-8.677644655E-5,-6.076693535E-5,-1.415126026E-3,1.419085776E-3
3.425702000E0,-2.705462743E-3,-6.503909826E-4,-1.161858439E-3,3.015369317E-3
3.435658000E0,1.290371874E-3,-7.981760427E-4,3.134906292E-4,1.549329192E-3
3.445615000E0,1.149756950E-3,-2.364380285E-3,1.723431051E-4,2.634755648E-3
3.455572000E0,-5.232489202E-4,5.556521937E-4,-1.581881195E-3,1.756384613E-3
3.465529000E0,-6.305743009E-4,6.619123742E-4,1.995544881E-3,2.194983214E-3
3.475486000E0,7.222818676E-4,-1.013653353E-3,-1.232020557E-3,1.751302050E-3
3.485443000E0,-3.605594393E-4,5.871728063E-4,2.492945641E-3,2.586417017E-3
3.495400000E0,-6.709904410E-4,-4.967870191E-4,1.490917057E-3,1.708759546E-3
3.505357000E0,-1.103487797E-3,-3.798743710E-4,3.942888230E-3,4.111977316E-3
3.515314000E0,1.309209270E-3,4.380568862E-5,1.658640802E-3,2.113536648E-3
3.525271000E0,3.749723546E-4,1.709080301E-3,9.411871433E-4,1.986804717E-3
3.535228000E0,-1.471340656E-3,1.601607539E-3,9.672343731E-5,2.177003780E-3
3.545185000E0,-6.891996600E-5,1.580301672E-3,9.625181556E-4,1.851632938E-3
3.555142000E0,9.487763746E-4,-7.713995874E-4,1.886699349E-3,2.248303441E-3
3.565098000E0,1.170351403E-3,1.649146900E-3,2.890445292E-3,3.527617027E-3
3.575055000E0,-3.636570880E-3,1.962079667E-3,4.193022847E-3,5.886921520E-3
3.585012000E0,-1.556375762E-3,-3.223801032E-4,1.769013703E-3,2.378159777E-3
3.594969000E0,-1.128799049E-3,3.624064848E-4,7.980689406E-5,1.188231835E-3
3.604926000E0,-1.676643733E-4,3.919675946E-4,-1.551114023E-3,1.608634405E-3
3.614883000E0,-1.473498996E-3,1.390250400E-3,6.696060300E-4,2.133627826E-3
3.624840000E0,-2.126239706E-3,7.447004318E-4,1.262426376E-3,2.582478340E-3
3.634797000E0,-1.205098815E-4,-8.735535666E-4,1.347657293E-3,1.610527443E-3
3.644754000E0,-8.968214970E-4,9.784083813E-4,2.036884427E-3,2.431145805E-3
3.654711000E0,3.349874169E-4,-2.743443474E-4,3.040969372E-3,3.071640622E-3
3.664668000E0,2.036935184E-4,-1.344402321E-3,-1.156438142E-3,1.785009195E-3
3.674625000E0,-1.127605559E-3,-1.356188208E-3,1.584481448E-3,2.370932772E-3
3.684582000E0,1.062045456E-3,-3.596339375E-4,-1.169759780E-3,1.620374976E-3
3.694538000E0,2.490111860E-3,-7.986892015E-4,-1.325763762E-3,2.931929581E-3
3.704495000E0,1.094349078E-3,-2.307636663E-3,-8.392035961E-4,2.688317234E-3
3.714452000E0,-1.614391804E-3,-1.160425134E-3,3.749195486E-3,4.243738232E-3
3.724409000E0,-1.187608577E-4,3.109714016E-4,6.764419377E-4,7.539105046E-4
3.734366000E0,-9.189320263E-4,1.946333796E-4,5.218908191E-4,1.074564213E-3
3.744323000E0,7.961435476E-4,-9.145727381E-4,-2.881098539E-3,3.125862542E-3
3.754280000E0,1.936255256E-3,-3.439513966E-4,-3.003593534E-3,3.590119928E-3
3.764237000E0,1.246762811E-3,-5.419924855E-5,-2.931155264E-3,3.185753639E-3
3.774194000E0,-7.788450457E-4,-1.299425960E-3,2.270158380E-3,2.729235516E-3
3.784151000E0,-1.735985279E-3,-1.657621004E-3,2.652321011E-3,3.577171931E-3
3.794107708E0,-1.017782371E-3,5.674865097E-4,1.630846411E-3,2.004390658E-3
3.804064708E0,4.134003539E-4,2.931812778E-4,5.735717714E-4,7.654016535E-4
3.814021708E0,6.535464199E-4,-8.834153414E-4,-3.737445921E-3,3.895644696E-3
3.823977708E0,-2.497977111E-4,1.449514180E-3,-5.991548300E-3,6.169452268E-3
3.833934708E0,-3.108945675E-4,2.592171542E-3,-3.757800907E-3,4.575705016E-3
3.843891708E0,-3.250094596E-4,7.916083559E-4,1.654539257E-3,1.862733232E-3
3.853848708E0,6.254593609E-4,-7.215719670E-4,4.031028599E-3,4.142590624E-3
3.863805708E0,-1.519173384E-4,-5.258293822E-4,1.931391656E-3,2.007448417E-3
3.873762708E0,-5.071260966E-4,6.858259439E-4,9.844154119E-4,1.302538985E-3
3.883719708E0,5.453550257E-4,9.886268526E-4,-1.443587244E-3,1.832686358E-3
3.893676708E0,-8.247026708E-4,-1.302603632E-4,-1.054957509E-3,1.345376380E-3
3.903633708E0,1.226996654E-3,4.513738677E-4,-5.798488855E-4,1.430204142E-3
3.913590708E0,2.652721480E-3,4.587601870E-5,-6.846450269E-4,2.740031874E-3
3.923547708E0,-1.119060908E-4,1.429654658E-3,1.938037574E-3,2.410897147E-3
3.933504708E0,-3.971701954E-4,7.219985127E-4,1.362230629E-3,1.592073586E-3
3.943460708E0,-1.616098918E-3,9.382469580E-4,-1.350730658E-3,2.305765898E-3
3.953417708E0,1.186877955E-3,6.094304845E-4,1.096904278E-3,1.727218512E-3
3.963374708E0,-7.175484207E-4,5.313996226E-4,4.064463079E-3,4.161384555E-3
3.973331708E0,-7.010092959E-4,1.203436404E-4,2.798654139E-3,2.887622138E-3
3.983288708E0,-1.740174601E-3,-1.281011850E-3,1.122195274E-3,2.434855485E-3
3.993245708E0,4.060657229E-4,4.887254909E-4,3.029849380E-3,3.095759881E-3
4.003202708E0,-7.537410129E-4,-9.091682732E-4,-1.839473844E-3,2.185949790E-3
4.013159708E0,3.615531838E-3,-8.560158312E-5,-1.618746668E-3,3.962289600E-3
4.023116708E0,-3.437898122E-4,4.081483930E-4,-1.626469195E-3,1.711776442E-3
4.033073708E0,-1.217345707E-4,2.438968979E-3,-7.523298264E-4,2.555266944E-3
4.043030708E0,1.562182326E-3,5.318792537E-4,4.540830851E-4,1.711578397E-3
4.052987708E0,1.387865283E-3,7.628090680E-4,2.516809851E-3,2.973613886E-3
4.062944708E0,4.152788315E-4,-2.091833390E-3,2.513617277E-3,3.296436751E-3
4.072900708E0,2.259232569E-4,4.803799093E-4,1.416303217E-3,1.512521398E-3
4.082857708E0,7.436417509E-4,1.357625239E-3,-5.086325109E-4,1.629373000E-3
4.092814708E0,-1.045397948E-3,6.800154224E-4,-3.032203764E-3,3.278648732E-3
4.102771708E0,-3.708193544E-4,3.481851891E-4,-3.238335252E-3,3.278041355E-3
4.112728708E0,-1.181031112E-4,-2.288259566E-4,-3.124602139E-3,3.135195080E-3
4.122685708E0,2.937607933E-3,-1.453613862E-3,-9.269602597E-4,3.406139890E-3
4.132642708E0,4.542663228E-4,3.015333787E-4,1.581616700E-3,1.672958952E-3
4.142599708E0,1.205722801E-4,1.355879009E-3,3.300689161E-3,3.570363357E-3
4.152556708E0,5.701496266E-4,-2.263989300E-3,1.457393169E-3,2.752219649E-3
4.162513708E0,-1.352386316E-3,1.994671300E-3,3.052625805E-3,3.889239855E-3
4.172470708E0,-1.453540055E-3,-1.796456054E-3,3.014199436E-3,3.798082580E-3
4.182427708E0,-1.829457469E-4,4.806851968E-3,-2.987720072E-4,4.819601612E-3
4.192383708E0,1.115852501E-4,1.044139266E-3,-1.138776541E-3,1.549028755E-3
4.202340708E0,-1.294563757E-3,1.246007159E-3,-1.622673124E-3,2.421052918E-3
4.212297708E0,-7.040326018E-4,-8.100299165E-4,-8.900351822E-4,1.394264321E-3
4.222254708E0,-5.916473456E-4,1.045926474E-3,2.105221152E-3,2.424038958E-3
4.232211708E0,2.064403612E-3,-4.946961999E-4,2.447888255E-4,2.136915575E-3
4.242168708E0,1.419652370E-3,-1.333059743E-3,4.028607160E-3,4.474610238E-3
4.252125708E0,-1.971475082E-3,1.507195644E-3,-5.064643919E-4,2.532757171E-3
4.262082708E0,-7.032779977E-4,-3.530737013E-5,-1.377318054E-3,1.546884474E-3
4.272039708E0,-2.275581937E-4,-7.339082658E-4,-1.404333860E-3,1.600799070E-3
4.281996708E0,4.094699398E-4,1.799822785E-3,1.214619726E-3,2.209599232E-3
4.291953708E0,7.289621281E-4,-9.427731857E-4,1.897826791E-3,2.240971573E-3
4.301910708E0,-1.719548367E-3,7.035937160E-4,3.970030695E-3,4.383267551E-3
4.311867708E0,2.997077536E-4,-1.091649756E-3,3.192350268E-3,3.387126240E-3
4.321823708E0,-1.852126094E-3,1.419444568E-3,-1.099601388E-3,2.579596318E-3
4.331780708E0,-8.744415827E-4,2.190191299E-4,-4.137415439E-3,4.234480367E-3
4.341737708E0,5.338379415E-4,2.192854881E-4,-2.368543297E-3,2.437840525E-3
4.351694708E0,-3.822052386E-3,9.744241834E-5,-8.798092604E-4,3.923218551E-3
4.361651708E0,2.613726538E-4,-1.462362707E-4,2.089351416E-3,2.110708423E-3
4.371608708E0,-5.869774614E-4,-8.112313226E-4,1.555852592E-3,1.850220551E-3
4.381565708E0,1.939030830E-3,-2.047470771E-3,2.146542072E-3,3.543955415E-3
4.391522708E0,-1.690091565E-3,-9.273504838E-4,-1.627679914E-3,2.523039897E-3
4.401479708E0,-1.107924618E-3,-2.396883443E-3,1.024827361E-3,2.832457999E-3
4.411436708E0,-1.326263184E-3,1.660566777E-4,-3.945268691E-3,4.165536447E-3
4.421393708E0,-1.341443276E-3,6.837751716E-4,2.611950040E-4,1.528149658E-3
4.431350708E0,-1.534775132E-3,1.647044905E-3,9.918846190E-4,2.460107055E-3
4.441307708E0,1.364341937E-3,5.652690306E-4,7.668472826E-4,1.664035082E-3
4.451263708E0,3.482825123E-4,-1.302860677E-3,-1.777186990E-3,2.230950526E-3
4.461220708E0,-1.465862850E-3,1.446320675E-3,3.020230681E-3,3.655460403E-3
4.471177708E0,-3.829337656E-4,-3.233272582E-4,-7.130205631E-6,5.012281164E-4
4.481134708E0,-4.495126195E-4,2.136634663E-3,-8.169971406E-4,2.331255800E-3
4.491091708E0,-1.208850183E-3,-9.578652680E-4,-2.843525261E-3,3.234881844E-3
4.501048708E0,4.044927191E-4,-1.565199345E-4,-1.575596631E-3,1.634202433E-3
4.511005708E0,-5.462004337E-4,-1.358635724E-3,4.146434367E-4,1.521891955E-3
4.520962708E0,-7.641874254E-5,1.053046435E-4,-1.670610160E-3,1.675669179E-3
4.530919708E0,6.422575098E-4,2.341652289E-3,2.334911376E-3,3.368626024E-3
4.540876708E0,4.086983390E-4,-6.701163948E-4,7.229000330E-4,1.067087050E-3
4.550833708E0,-9.359007236E-4,1.154942438E-3,3.075923771E-3,3.416300520E-3
4.560790708E0,4.417526070E-4,-1.057345420E-3,1.871112734E-3,2.194125695E-3
4.570746708E0,3.656332847E-4,-3.727236763E-4,-7.051788270E-4,8.774325135E-4
4.580703708E0,-3.073473927E-4,1.884046942E-4,-3.296732903E-4,4.885112352E-4
4.590660708E0,-6.693762261E-4,-9.456751868E-4,-1.696374267E-3,2.054276453E-3
4.600617708E0,-3.284916747E-4,-2.429587767E-3,-9.672008455E-4,2.635579817E-3
4.610574708E0,-1.173786120E-3,-9.384239092E-4,6.053484976E-4,1.620141998E-3
4.620531708E0,-2.137850272E-3,1.638983376E-3,1.758497208E-3,3.216983482E-3
4.630488708E0,2.894578502E-4,-1.576588489E-3,1.692261547E-3,2.330915325E-3
4.640445708E0,1.397880260E-4,2.271709964E-4,2.506896853E-4,3.660500951E-4
4.650402708E0,4.173130728E-3,-9.065512568E-4,-1.827128232E-3,4.644916881E-3
4.660359708E0,-1.532159280E-3,-9.997617453E-4,-9.900964797E-4,2.080222739E-3
4.670316708E0,1.021407777E-3,4.267273471E-4,-1.617662609E-3,1.960153665E-3
4.680273708E0,-4.547822755E-4,1.350045204E-3,-2.790518105E-3,3.133119893E-3
4.690229708E0,-6.630569696E-4,-6.767641753E-4,-2.068296075E-3,2.274973175E-3
4.700186708E0,1.297295908E-3,-1.525247470E-3,-9.873174131E-4,2.232521487E-3
4.710143708E0,4.183952697E-4,2.541343682E-3,1.085460186E-3,2.794942956E-3
4.720100708E0,-4.544138908E-3,-1.514917240E-3,-1.535359770E-3,5.030059869E-3
4.730057708E0,8.849553997E-4,-1.448645256E-3,-3.730606288E-3,4.098675690E-3
4.740014708E0,3.477956634E-4,-2.071293071E-3,-1.318790019E-4,2.104426022E-3
4.749971708E0,7.155188359E-5,-1.416079700E-3,-1.243025064E-3,1.885606719E-3
4.759928708E0,-7.665450685E-4,1.636968926E-3,-1.051276922E-3,2.091038444E-3
4.769885708E0,-1.005657250E-3,4.614312202E-4,1.757118851E-3,2.076471028E-3
4.779842708E0,8.838556241E-4,-7.319310680E-4,3.263670951E-3,3.459547937E-3
4.789799708E0,1.757568214E-3,-9.237844497E-4,2.736598253E-4,2.004323686E-3
4.799757208E0,-2.192698885E-3,-3.324357793E-3,-3.689602017E-4,3.999426804E-3
4.809713208E0,-2.984346356E-4,1.825699583E-4,-1.164376736E-4,3.687177148E-4
4.819670208E0,-2.029223135E-3,4.022810608E-4,-2.332989126E-3,3.118078711E-3
4.829627208E0,3.053143155E-4,2.274746075E-4,-2.639431506E-3,2.666750870E-3
4.839584208E0,1.856605522E-3,3.305384889E-4,-2.231702209E-3,2.921769071E-3
4.849541208E0,2.657314064E-3,-1.028059050E-3,1.100100577E-3,3.054250272E-3
4.859498208E0,1.220272388E-3,-7.076803595E-4,6.348453462E-4,1.546901680E-3
4.869455208E0,-2.009440213E-4,-1.111867838E-3,2.120863646E-3,2.403058716E-3
4.879412208E0,-7.790583186E-5,8.112005889E-4,3.346186131E-3,3.443991484E-3
4.889369208E0,3.250148147E-4,8.398843929E-4,2.217963338E-3,2.393825765E-3
4.899326208E0,-1.631876221E-3,-2.728485502E-3,-1.610599458E-3,3.563942164E-3
4.909283208E0,3.260686295E-3,4.113232717E-4,-1.959353685E-3,3.826268262E-3
4.919240208E0,-1.270948444E-3,7.937531918E-4,-4.614144564E-5,1.499160801E-3
4.929197208E0,-1.402977621E-3,-7.153591141E-4,-1.461803913E-4,1.581598424E-3
4.939153208E0,-1.046646852E-3,-8.628973737E-4,1.223482192E-3,1.826737579E-3
4.949110208E0,1.351262094E-3,1.072476618E-3,3.619391471E-3,4.009502458E-3
4.959067208E0,2.139557619E-3,-2.324918285E-3,3.924589604E-3,5.038388174E-3
4.969024208E0,2.127364511E-3,6.483895704E-4,9.101480246E-4,2.403010242E-3
4.978981208E0,-1.285210252E-3,-5.660112947E-4,-3.013752401E-3,3.324881609E-3
4.988938208E0,1.458654995E-3,-1.180675812E-3,-5.286227912E-3,5.609445187E-3
4.998895208E0,-1.391193597E-3,-1.867841929E-4,-4.112038761E-3,4.345016770E-3
5.008852208E0,2.494311193E-3,-1.782970503E-4,-8.575469255E-4,2.643627223E-3
5.018809208E0,-1.896223985E-4,-1.929857768E-3,3.843732178E-3,4.305181148E-3
5.028766208E0,-2.251879778E-3,-5.043679848E-4,8.476696908E-3,8.785200059E-3
5.038723208E0,-2.358672675E-3,6.743473932E-4,4.995681345E-3,5.565511055E-3
5.048680208E0,8.654223057E-4,-1.141056418E-5,2.431232482E-3,2.580693192E-3
5.058636208E0,-1.642476302E-3,7.888693362E-4,-4.391223192E-4,1.874265627E-3
5.068593208E0,6.867726333E-4,2.283038571E-3,-1.442588866E-3,2.786572160E-3
5.078550208E0,4.343050532E-4,-3.766603768E-4,-1.727815717E-3,1.820945104E-3
5.088507208E0,-8.757596370E-4,-4.266044125E-4,2.736561000E-3,2.904774066E-3
5.098464208E0,-3.998528700E-4,1.249369234E-4,3.673993051E-3,3.697798871E-3
5.108421208E0,-9.646466933E-4,-2.079804428E-3,2.844635397E-3,3.653502463E-3
5.118378208E0,3.190804273E-5,1.340806484E-4,2.157803625E-3,2.162200783E-3
5.128335208E0,8.122526342E-4,3.033233806E-4,-8.654035628E-4,1.225023568E-3
5.138292208E0,-1.245305641E-3,-2.421889454E-3,-3.008183092E-3,4.057770346E-3
5.148249208E0,2.744834870E-3,3.980575129E-4,8.369311690E-4,2.897071285E-3
5.158206208E0,1.333093038E-3,7.378766313E-4,-7.569715381E-4,1.701353837E-3
5.168163208E0,1.309666783E-3,-6.072204560E-4,1.772403717E-3,2.285904351E-3
5.178119208E0,-9.803853463E-4,-1.401641406E-3,1.646969467E-3,2.374502576E-3
5.188076208E0,2.024541609E-3,2.061799169E-3,3.074798733E-3,4.219498997E-3
5.198033208E0,-1.281506615E-3,9.834850207E-4,-1.994796097E-3,2.566848936E-3
5.207990208E0,1.136705512E-3,-4.249373451E-4,-3.126505762E-3,3.353760494E-3
5.217947208E0,-1.361339586E-3,-1.156241633E-3,-3.434102982E-3,3.870814317E-3
5.227904208E0,-5.407768767E-4,9.605940431E-4,-2.845276147E-3,3.051356567E-3
5.237861208E0,1.828104723E-3,1.383504830E-3,2.486903220E-3,3.382416314E-3
5.247818208E0,-5.396774504E-4,1.624673605E-3,2.297088504E-3,2.864861544E-3
5.257775208E0,1.279261429E-3,5.860412493E-4,1.465916634E-3,2.031961054E-3
5.267732208E0,1.775387209E-4,-5.503399298E-4,7.657296956E-4,9.595498957E-4
5.277689208E0,3.573068883E-3,-1.024383120E-3,-5.027353764E-4,3.750856553E-3
5.287646208E0,-9.018667042E-4,-3.437204286E-4,-3.804091364E-3,3.924616974E-3
5.297602208E0,1.939459937E-3,6.168810651E-4,-4.787866026E-3,5.202471353E-3
5.307559208E0,-5.386304110E-5,1.827716827E-3,-1.635093242E-3,2.452953309E-3
5.317516208E0,-1.126051648E-3,-7.707299665E-4,9.609535336E-4,1.668966353E-3
5.327473208E0,-6.533612031E-4,-8.501913399E-4,3.434311599E-3,3.597805210E-3
5.337430208E0,-3.801207058E-4,-2.072049305E-3,5.105447024E-3,5.522994603E-3
5.347387208E0,5.846284330E-5,4.990864545E-5,2.735920250E-3,2.736999889E-3
5.357344208E0,8.675310528E-4,-3.095285036E-3,5.942061543E-4,3.269018283E-3
5.367301208E0,5.097319372E-4,3.314865753E-4,-1.940798014E-3,2.033815855E-3
5.377258208E0,-3.129211487E-3,1.775557175E-4,-5.084395409E-3,5.972819036E-3
5.387215208E0,1.927146572E-3,-2.960348502E-4,-4.908293486E-4,2.010582998E-3
5.397172208E0,-8.380135987E-4,-1.489398070E-3,1.198682934E-3,2.087442018E-3
5.407129208E0,2.880357206E-4,-2.640858293E-5,2.589464188E-3,2.605568416E-3
5.417085208E0,2.054776996E-4,5.546929315E-4,1.828599721E-3,1.921895490E-3
5.427042208E0,-2.385866828E-4,-2.171878703E-3,4.289761186E-3,4.814149119E-3
5.436999208E0,2.980642486E-3,2.256687731E-5,1.173328608E-3,3.203348080E-3
5.446956208E0,-6.646532565E-4,1.164550893E-3,-1.695722342E-3,2.161808732E-3
5.456913208E0,2.096778248E-3,-1.622354612E-4,-1.108758152E-4,2.105966004E-3
5.466870208E0,3.085719654E-3,3.580423072E-4,-1.260239631E-3,3.352322181E-3
5.476827208E0,-5.257930607E-4,1.364717260E-3,1.864444464E-3,2.369612775E-3
5.486784208E0,-1.102795359E-4,-7.509896532E-4,2.572856843E-3,2.682487534E-3
5.496741208E0,8.098426042E-4,7.971059531E-4,-1.598451287E-3,1.961190827E-3
5.506698208E0,-1.413467340E-3,-2.747438848E-4,-4.059452564E-3,4.307264705E-3
5.516655208E0,1.767058857E-4,2.440349199E-3,-2.434127033E-3,3.451304622E-3
5.526612208E0,-1.252439339E-3,-2.635921352E-3,-1.829519868E-3,3.444390892E-3
5.536568208E0,1.592082903E-3,-3.812890500E-4,7.011368871E-5,1.638604662E-3
5.546525208E0,1.544353203E-3,-1.070102677E-3,2.677265555E-3,3.270764040E-3
5.556482208E0,-1.527869375E-3,1.466963440E-4,4.407428205E-4,1.596921689E-3
5.566439208E0,2.558686072E-3,-8.278228343E-4,2.401161939E-3,3.605238372E-3
5.576396208E0,-1.619281014E-3,-6.482657045E-5,7.273666561E-4,1.776326473E-3
5.586353208E0,8.833827451E-5,1.314459369E-3,8.001923561E-5,1.319852325E-3
5.596310208E0,-3.199242055E-4,6.545279175E-4,-3.647606820E-3,3.719649688E-3
5.606267208E0,-1.250187168E-3,-1.698406413E-4,-1.404229552E-3,1.887769698E-3
5.616224208E0,-9.396625683E-4,1.324284822E-4,-5.871690810E-4,1.115916921E-3
5.626181208E0,2.111145295E-5,-1.720006578E-3,1.919146627E-3,2.577206258E-3
5.636138208E0,9.100745665E-4,-2.097273245E-4,-1.660943031E-3,1.905505975E-3
5.646095208E0,-8.638016880E-5,-6.195018068E-4,1.809183508E-3,1.914259384E-3
5.656051208E0,1.697671367E-3,1.235203817E-4,-2.518370748E-4,1.720688021E-3
5.666008208E0,1.412955811E-3,3.139516339E-4,1.942686737E-3,2.422610474E-3
5.675965208E0,2.380748512E-3,6.441306323E-5,8.486583829E-5,2.383131287E-3
5.685922208E0,-1.729171257E-3,1.820172183E-3,8.305124938E-4,2.644392372E-3
5.695879208E0,-5.191238597E-5,-1.523426734E-3,-8.560679853E-4,1.748249497E-3
5.705836208E0,1.152232289E-5,1.103170216E-4,8.652284741E-4,8.723089600E-4
5.715793208E0,7.308422355E-4,1.051478088E-3,1.002911478E-3,1.626520205E-3
5.725750208E0,-1.332881395E-3,1.006050035E-3,1.000702381E-3,1.946821703E-3
5.735707208E0,-2.078832826E-3,-7.963776588E-4,-6.504580379E-4,2.319236717E-3
5.745664208E0,-1.292802393E-3,1.406710595E-3,5.069650710E-3,5.417705330E-3
5.755621208E0,-8.877355140E-4,2.469038591E-4,4.931963980E-3,5.017300525E-3
5.765578208E0,-3.215321340E-5,-1.502567902E-3,3.551464528E-3,3.856377111E-3
5.775534208E0,3.180524800E-4,7.869675756E-7,1.376196742E-3,1.412471406E-3
5.785491208E0,7.555889897E-5,7.837843150E-4,-3.052324057E-3,3.152254613E-3
5.795448500E0,6.537310546E-4,-2.931980416E-4,-2.411831170E-3,2.516000592E-3
5.805405500E0,7.614574861E-4,2.680877224E-3,-4.147682339E-3,4.997018008E-3
5.815362500E0,-9.565476794E-4,-1.746094786E-3,-2.070948482E-3,2.872743998E-3
5.825319500E0,-2.412567846E-3,-1.179323532E-3,5.565769970E-4,2.742456118E-3
5.835276500E0,3.438040148E-4,-1.656828448E-3,5.898661911E-4,1.791988792E-3
5.845233500E0,8.104162989E-4,1.265732571E-3,3.425057977E-3,3.740304221E-3
5.855190500E0,-1.397996675E-4,4.511061125E-3,-7.755458355E-4,4.579376350E-3
5.865147500E0,1.359617454E-3,-1.949551515E-3,-2.419594675E-3,3.391717725E-3
5.875104500E0,7.689283229E-4,1.408162527E-3,-3.060616553E-3,3.455654229E-3
5.885061500E0,2.893507481E-4,2.879875712E-3,-5.085654557E-4,2.938715161E-3
5.895017500E0,1.841707155E-3,-3.480551764E-3,1.563373953E-3,4.236775182E-3
5.904974500E0,1.241703751E-3,1.362507232E-3,2.743754536E-3,3.305517072E-3
5.914931500E0,-1.716357656E-4,1.468501054E-3,3.015395254E-3,3.358357146E-3
5.924888500E0,-7.138820365E-5,-5.879560485E-4,1.172035933E-3,1.313185751E-3
5.934845500E0,-7.614132483E-4,1.456285827E-3,4.660300910E-4,1.708128388E-3
5.944802500E0,-9.945374914E-4,-1.004009508E-3,-8.072368801E-4,1.627504622E-3
5.954759500E0,1.293650595E-3,-8.628619835E-4,-1.337207854E-3,2.050899195E-3
5.964716500E0,1.543790102E-3,2.810871229E-4,-9.103938937E-4,1.814143018E-3
5.974673500E0,-1.366246026E-3,1.265924424E-3,1.304823905E-3,2.274150011E-3
5.984630500E0,7.519334322E-4,-1.528565772E-3,1.098278910E-3,2.026853169E-3
5.994587500E0,1.161793945E-3,1.673344523E-4,3.907650709E-3,4.080134808E-3
6.004544500E0,8.832076564E-4,-1.914578490E-3,2.244610339E-3,3.079600970E-3
6.014500500E0,2.495219000E-3,4.031714052E-4,-3.558769822E-5,2.527831387E-3
6.024457500E0,-1.419405686E-3,-4.623122513E-4,-2.394393086E-4,1.511878402E-3
6.034414500E0,-4.947558045E-5,7.366426289E-4,-1.251921058E-4,7.488412777E-4
6.044371500E0,1.991840079E-3,-2.922909334E-4,8.829087019E-4,2.198269471E-3
6.054328500E0,5.084592849E-4,1.501614228E-3,2.441123128E-3,2.910748746E-3
6.064285500E0,5.944357254E-4,-2.308657393E-3,2.780281007E-3,3.662405667E-3
6.074242500E0,8.364138193E-5,1.255983487E-3,2.156034112E-3,2.496592376E-3
6.084199500E0,-5.106516182E-4,-8.068792522E-4,2.137005329E-3,2.340643283E-3
6.094156500E0,-3.657442518E-3,1.080769114E-3,2.201188356E-3,4.403427963E-3
6.104113500E0,-1.563775819E-3,1.116352156E-3,-9.576752782E-4,2.146806672E-3
6.114070500E0,2.565189032E-3,-1.596078277E-3,-4.958808422E-3,5.806672162E-3
6.124027500E0,-1.256068703E-3,1.358201727E-3,-1.137323678E-3,2.171618214E-3
6.133983500E0,-9.786011651E-5,-1.432790421E-3,-1.061484218E-4,1.440045999E-3
6.143940500E0,-1.049386337E-4,-9.675165638E-4,1.714933664E-3,1.971826029E-3
6.153897500E0,-6.738817319E-5,7.555494085E-4,4.316043109E-3,4.382193993E-3
6.163854500E0,-5.945188459E-4,-3.890218213E-4,3.562740982E-3,3.632893329E-3
6.173811500E0,7.455837913E-4,-1.411941834E-3,8.353963494E-4,1.802043838E-3
6.183768500E0,8.034647908E-4,-4.140818492E-4,1.468423754E-3,1.724322409E-3
6.193725500E0,1.573384739E-3,9.744903073E-4,1.509170979E-3,2.388046889E-3
6.203682500E0,-1.305090729E-3,-5.697831511E-5,-3.325197846E-3,3.572596962E-3
6.213639500E0,6.297510117E-5,-3.536548465E-4,-2.738233656E-3,2.761695343E-3
6.223596500E0,-1.617306378E-3,-3.191011958E-3,-1.563664526E-3,3.904264845E-3
6.233553500E0,4.668834154E-4,-6.575472653E-4,4.342384636E-4,9.159211609E-4
6.243510500E0,-1.930620056E-4,-3.656018525E-4,2.108544111E-3,2.148696331E-3
6.253466500E0,3.624733072E-4,-2.875709906E-4,2.674981952E-4,5.344522967E-4
6.263423500E0,8.256253786E-4,-5.321511999E-4,1.091770828E-3,1.468606723E-3
6.273380500E0,-4.018256441E-4,-8.543943986E-4,-1.156467944E-3,1.492940636E-3
6.283337500E0,-5.096311215E-4,-7.809521630E-4,2.048425376E-4,9.547620783E-4
6.293294500E0,-1.192116179E-4,4.499610513E-4,5.784854293E-4,7.425104373E-4
6.303251500E0,-3.422659589E-3,8.492367342E-4,1.994714141E-3,4.051504189E-3
6.313208500E0,3.039014991E-4,4.710676149E-4,8.104071021E-4,9.854037193E-4
6.323165500E0,1.530847512E-4,-8.218931034E-4,5.173459649E-4,9.831531223E-4
6.333122500E0,2.696936252E-3,5.365861580E-4,-1.867935061E-4,2.756135277E-3
6.343079500E0,7.819896564E-5,1.436490566E-4,8.537657559E-4,8.692905703E-4
6.353036500E0,9.543790948E-4,2.036624588E-3,-1.524437219E-3,2.717091828E-3
6.362993500E0,1.428749645E-3,1.054384746E-3,5.704388022E-4,1.865061170E-3
6.372949500E0,1.141522080E-5,-1.378946006E-3,1.422118396E-3,1.980919768E-3
6.382906500E0,-3.587554675E-4,-1.658291556E-3,2.016618848E-3,2.635410394E-3
6.392863500E0,1.811454538E-3,-1.104088500E-3,1.509286463E-3,2.603521574E-3
6.402820500E0,-1.105640549E-3,-4.582069814E-4,2.159342170E-3,2.468836420E-3
6.412777500E0,-1.232673181E-3,-7.005548105E-4,7.798261940E-4,1.618143723E-3
6.422734500E0,2.385618631E-3,-2.564853057E-4,-3.871131688E-3,4.554406823E-3
6.432691500E0,1.327544684E-3,-4.921751097E-4,2.905912697E-4,1.445356188E-3
6.442648500E0,-1.927760895E-4,2.641750500E-3,-2.050220966E-3,3.349539421E-3
6.452605500E0,5.744805094E-4,-4.006447271E-4,3.783166409E-3,3.847452680E-3
6.462562500E0,1.567223808E-3,2.535577863E-3,2.984009683E-3,4.217778960E-3
6.472519500E0,-3.933953121E-4,-1.123872586E-3,9.853094816E-4,1.545536876E-3
6.482476500E0,1.288293861E-4,-6.567118689E-4,-2.631369978E-3,2.715138201E-3
6.492432500E0,-8.717202581E-4,3.459686413E-4,-3.169860691E-3,3.305693166E-3
6.502389500E0,-7.218467072E-4,1.762723550E-3,-1.101203263E-3,2.200205811E-3
6.512346500E0,-1.079243142E-3,1.429896802E-4,1.094039530E-3,1.543416438E-3
6.522303500E0,-2.720004879E-3,1.592061482E-3,5.366940051E-3,6.223916116E-3
6.532260500E0,-7.961373776E-4,-6.156992167E-4,4.808742553E-3,4.912934479E-3
6.542217500E0,-1.004344784E-3,1.435005106E-3,1.505490392E-3,2.309642704E-3
6.552174500E0,3.472162643E-3,9.274072945E-4,-5.209073424E-4,3.631438031E-3
6.562131500E0,-2.008853015E-3,8.426690474E-4,-4.953615367E-3,5.411458839E-3
6.572088500E0,-1.611518674E-4,7.169675082E-4,-3.903798759E-3,3.972361651E-3
6.582045500E0,-1.296991715E-3,-1.759789884E-4,-1.981861889E-3,2.375064770E-3
6.592002500E0,-7.142920513E-4,-6.966264918E-4,2.885863185E-3,3.053474730E-3
6.601958500E0,-1.246247208E-3,2.829851583E-4,5.002118647E-3,5.162790298E-3
6.611915500E0,1.065909164E-3,-6.885360926E-4,4.715029150E-3,4.882800854E-3
6.621872500E0,9.281104431E-4,-1.759752631E-4,-1.944947988E-3,2.162216216E-3
6.631829500E0,-1.233044779E-3,2.064546570E-4,-3.586523235E-3,3.798180073E-3
6.641786500E0,7.617031224E-4,-3.392491490E-3,-5.943115801E-3,6.885478602E-3
6.651743500E0,-2.110782545E-3,-3.532916307E-4,8.442178369E-4,2.300635061E-3
6.661700500E0,2.317684703E-4,1.245292835E-3,5.063090473E-3,5.219133646E-3
6.671657500E0,2.150575863E-3,1.284974627E-3,8.078854531E-3,8.458370225E-3
6.681614500E0,2.393302508E-3,1.564800739E-3,3.046654165E-3,4.178348938E-3
6.691571500E0,-2.472292632E-3,2.792933956E-4,-1.260742545E-3,2.789212689E-3
6.701528500E0,4.647562746E-4,-4.201401025E-4,-4.737548530E-3,4.778795055E-3
6.711485500E0,-1.437273342E-3,-2.525635064E-3,-3.364957869E-3,4.446068892E-3
6.721441500E0,-1.933611929E-5,-9.088320658E-4,-1.667309552E-3,1.899018366E-3
6.731398500E0,-1.381010283E-3,-6.807129830E-5,2.751938999E-3,3.079771315E-3
6.741355500E0,-2.462291159E-3,-2.293250524E-3,7.419288158E-5,3.365617372E-3
6.751312500E0,4.180431832E-3,7.174527273E-4,-1.219835132E-3,4.413473288E-3
6.761269500E0,-2.080621198E-4,-2.566132694E-3,-1.117587090E-6,2.574553961E-3
6.771226500E0,2.247638768E-3,1.420453191E-5,-2.260010689E-3,3.187433155E-3
6.781183500E0,1.533184433E-3,1.067730598E-3,-2.141103148E-3,2.841658992E-3
6.791140500E0,-2.205071505E-4,-1.492366195E-3,2.288445830E-4,1.525827679E-3
6.801096958E0,1.384011470E-3,8.627772331E-6,-7.924772799E-4,1.594861256E-3
6.811053958E0,-2.005659742E-3,1.526096836E-3,1.226466149E-3,2.802831027E-3
6.821010958E0,1.209748443E-4,1.054340973E-3,6.075054407E-4,1.222837954E-3
6.830966958E0,-3.607908729E-4,1.683645882E-3,6.764791906E-4,1.849988542E-3
6.840923958E0,5.730546545E-4,-1.014455222E-3,-1.418851316E-3,1.835933030E-3
6.850880958E0,9.727951838E-4,2.867653966E-4,-9.866207838E-4,1.414915345E-3
6.860837958E0,-1.169098541E-4,-1.284232363E-3,1.040101051E-4,1.293730566E-3
6.870794958E0,-1.692435704E-3,-2.626441419E-4,2.235069871E-3,2.815822772E-3
6.880751958E0,-1.624627272E-3,4.472918808E-4,-4.882775247E-4,1.754394123E-3
6.890708958E0,5.493406206E-6,2.568500116E-3,3.186617047E-3,4.092890327E-3
6.900665958E0,-1.257256605E-3,-1.105656847E-4,-1.654166728E-3,2.080669725E-3
6.910622958E0,-2.633647528E-4,-5.670320243E-4,-2.958584577E-3,3.023922785E-3
6.920579958E0,2.688821405E-5,-6.456580013E-5,-2.622403204E-3,2.623335717E-3
6.930536958E0,-1.780865714E-3,5.498258397E-4,-2.194698900E-3,2.879321866E-3
6.940493958E0,1.143610221E-3,-1.209527254E-4,2.653095871E-3,2.891607097E-3
6.950449958E0,-3.160590772E-3,2.552103251E-5,3.523148596E-3,4.733134414E-3
6.960406958E0,1.767116832E-3,1.234087162E-3,1.538988203E-3,2.648425515E-3
6.970363958E0,1.513850177E-3,-2.546003088E-3,1.195706427E-3,3.194305549E-3
6.980320958E0,7.228414761E-4,2.763178200E-4,-1.177065074E-3,1.408663738E-3
6.990277958E0,2.738055540E-3,-5.085151643E-4,1.150369644E-5,2.784900025E-3
7.000234958E0,1.418802072E-3,-1.197951846E-3,-2.986121923E-3,3.516391913E-3
7.010191958E0,2.663297346E-3,1.500362530E-3,3.018155694E-4,3.071698734E-3
7.020148958E0,1.085403259E-3,3.180950880E-4,3.131888807E-4,1.173614926E-3
7.030105958E0,-3.785362933E-4,-1.051835716E-3,4.952680320E-3,5.077271949E-3
7.040062958E0,-1.948584104E-3,-7.964530960E-4,2.189744264E-3,3.037482096E-3
7.050019958E0,3.600330092E-5,1.058438793E-3,2.176724374E-4,1.081189255E-3
7.059976958E0,1.078064088E-4,-1.256633550E-3,-2.756893635E-3,3.031701274E-3
7.069932958E0,9.429738857E-4,-9.668814018E-4,-9.989403188E-4,1.679863433E-3
7.079889958E0,-7.566092536E-4,-1.387473196E-3,-2.573546022E-3,3.020046119E-3
7.089846958E0,-8.237208240E-4,1.294063404E-3,2.499371767E-4,1.554215134E-3
7.099803958E0,7.660647389E-4,1.293735579E-3,-2.227760851E-4,1.519946090E-3
7.109760958E0,1.358618028E-3,7.994528860E-4,2.435326576E-3,2.900996966E-3
7.119717958E0,2.834517509E-3,7.688254118E-4,1.757342368E-3,3.422547914E-3
7.129674958E0,-5.383759271E-4,-3.515668213E-4,2.429522574E-3,2.513170867E-3
7.139631958E0,-8.769154083E-4,1.091014594E-3,-3.115884960E-3,3.415850196E-3
7.149588958E0,-2.065976150E-4,7.645115256E-4,-2.514809370E-3,2.636555824E-3
7.159545958E0,2.056921832E-3,1.794424839E-3,-8.403211832E-4,2.856051053E-3
7.169502958E0,1.543996972E-3,1.637298614E-3,-1.162298024E-3,2.532905465E-3
7.179458958E0,-2.246434800E-3,2.065720037E-4,-8.613169193E-4,2.414748049E-3
7.189415958E0,-5.092471838E-5,2.177571878E-4,2.018891275E-3,2.031239400E-3
7.199372958E0,-1.280039549E-3,-1.202266663E-3,3.218028694E-3,3.666013510E-3
7.209329958E0,1.991121098E-3,8.411770687E-4,5.408477038E-3,5.824411212E-3
7.219286958E0,2.171982080E-3,2.024399117E-3,-9.839981794E-4,3.127930683E-3
7.229243958E0,7.711593062E-4,-6.851013750E-4,-9.754784405E-4,1.419721366E-3
7.239200958E0,1.897933194E-3,-1.510147937E-3,-3.433920443E-3,4.204105947E-3
7.249157958E0,1.360240974E-3,-8.374340832E-4,-4.126340151E-3,4.424729867E-3
7.259114958E0,6.960126339E-4,-1.286752522E-4,-2.979423851E-3,3.062345080E-3
7.269071958E0,-7.471542340E-4,4.566870630E-4,1.132495701E-3,1.431554762E-3
7.279028958E0,-5.728320684E-4,1.387177967E-3,9.455829859E-4,1.773845110E-3
7.288985958E0,1.163815148E-3,2.245514654E-3,1.788586378E-4,2.535506295E-3
7.298941958E0,2.452142071E-4,-8.494127542E-4,-2.364888787E-4,9.151825086E-4
7.308898958E0,1.522698440E-4,-8.275751024E-4,8.263774216E-4,1.179392343E-3
7.318855958E0,1.032187603E-3,1.629982144E-4,-1.978643239E-3,2.237634629E-3
7.328812958E0,3.408407792E-6,3.203917295E-4,-9.738318622E-4,1.025188262E-3
7.338769958E0,2.015782986E-3,5.094744265E-4,8.782185614E-4,2.257036349E-3
7.348726958E0,1.353721251E-3,3.126673400E-4,1.144003123E-3,1.799740325E-3
7.358683958E0,8.482489502E-4,-2.566576004E-4,1.223068684E-3,1.510396111E-3
7.368640958E0,-5.962494761E-4,-2.872841433E-4,1.315213740E-3,1.472356206E-3
7.378597958E0,-2.399074845E-3,1.253426075E-3,-2.199288458E-3,3.487621934E-3
7.388554958E0,4.385232460E-4,-1.025174744E-3,-1.475442201E-3,1.849382487E-3
7.398511958E0,-2.589138458E-3,1.711221412E-4,1.264289021E-4,2.597865471E-3
7.408468958E0,-1.311354106E-3,-1.514392905E-3,2.993319184E-3,3.601804436E-3
7.418424958E0,2.179382602E-3,-4.425188527E-4,1.903615892E-3,2.927334098E-3
7.428381958E0,-1.769818831E-3,-7.091006264E-4,1.878850162E-3,2.676781710E-3
7.438338958E0,-1.164642163E-3,-2.421935089E-3,-1.998528838E-3,3.349071283E-3
7.448295958E0,-1.373167615E-3,1.085714437E-3,-3.577247262E-3,3.982595022E-3
7.458252958E0,1.305621350E-3,-2.514741383E-3,-1.026272774E-3,3.013603680E-3
7.468209958E0,2.871027449E-3,3.537498415E-4,-1.241724938E-3,3.147986402E-3
7.478166958E0,2.652300289E-3,3.014812246E-4,3.672391176E-4,2.694522652E-3
7.488123958E0,4.842209164E-4,-3.368789330E-4,2.935860306E-3,2.994533862E-3
7.498080958E0,1.506269095E-3,-4.503410310E-4,3.204688430E-3,3.569549210E-3
7.508037958E0,1.338756294E-3,-6.298385561E-4,-8.595623076E-4,1.711085148E-3
7.517994958E0,-5.309104454E-4,1.264507882E-3,2.086389810E-3,2.496771620E-3
7.527950958E0,-1.469142269E-3,-4.540299997E-4,-4.494547844E-3,4.750313944E-3
7.537907958E0,-9.513541590E-4,-1.462305896E-3,-4.181038588E-3,4.530396997E-3
7.547864958E0,-3.329683095E-4,-8.106296882E-4,5.503334105E-4,1.034821361E-3
7.557821958E0,-1.430781791E-3,-2.473861910E-3,1.095451415E-3,3.060578881E-3
7.567778958E0,-1.530118054E-3,3.216514364E-3,4.307225347E-3,5.589223211E-3
7.577735958E0,2.525070217E-3,-1.350638457E-3,1.023124903E-3,3.040886122E-3
7.587692958E0,2.967687557E-3,-3.836452961E-4,-1.965738833E-3,3.580290813E-3
7.597649958E0,9.090206586E-4,-5.382467061E-4,-1.541238278E-3,1.868540474E-3
7.607606958E0,2.754547168E-4,2.607023343E-4,-3.120228648E-3,3.143193889E-3
7.617563958E0,-1.036751550E-3,2.562733367E-3,-4.085943103E-3,4.933293740E-3
7.627520958E0,-3.106294200E-3,-3.755325451E-4,-1.543156803E-3,3.488756407E-3
7.637476958E0,-2.001748886E-3,-3.279279917E-4,1.999627799E-3,2.848341044E-3
7.647433958E0,1.437990111E-3,8.688960224E-4,3.287531435E-3,3.691972210E-3
7.657390958E0,-3.903559409E-4,-9.263530374E-4,4.587285221E-4,1.104961342E-3
7.667347958E0,8.054033387E-4,2.634027041E-3,1.256611198E-3,3.027514607E-3
7.677304958E0,3.592772409E-4,-1.025292091E-3,1.934885979E-3,2.219028562E-3
7.687261958E0,2.520166337E-3,-9.611099958E-4,-5.242787302E-4,2.747697032E-3
7.697218958E0,1.231097966E-3,-1.411381178E-3,-1.630704850E-3,2.483303714E-3
7.707175958E0,1.642556395E-3,-1.053186134E-3,-8.163116872E-4,2.115078560E-3
7.717132958E0,6.789942272E-4,-1.146476716E-4,-1.238543540E-3,1.417098215E-3
7.727089958E0,2.418304794E-3,2.077666111E-3,1.711174846E-3,3.618426992E-3
7.737046958E0,2.669493202E-3,4.742862657E-4,2.521082759E-3,3.702296543E-3
7.747003958E0,1.651632949E-3,8.423347026E-4,4.164516926E-3,4.558576573E-3
7.756959958E0,1.617157366E-3,7.840655744E-4,-3.034330904E-3,3.526630234E-3
7.766916958E0,1.286392682E-3,-1.557637006E-4,-5.882196128E-4,1.423049815E-3
7.776873958E0,2.422624733E-3,1.213085838E-3,-1.422259957E-3,3.059985495E-3
7.786830958E0,5.219266750E-4,2.818439156E-3,1.070991158E-3,3.059906664E-3
7.796788458E0,-2.024741843E-4,-7.284171879E-4,1.218434423E-3,1.433935089E-3
7.806745458E0,3.364830278E-3,-1.238944940E-3,5.968548357E-4,3.635010737E-3
7.816702458E0,7.487203693E-4,3.947233781E-4,1.495763659E-3,1.718632498E-3
7.826659458E0,1.781760599E-3,-1.215157099E-3,-2.121217549E-4,2.167088656E-3
7.836616458E0,-2.628827933E-4,8.209021762E-4,2.678204328E-3,2.813497142E-3
7.846573458E0,-5.491725169E-4,3.031836823E-4,1.092825085E-3,1.260070421E-3
7.856530458E0,1.633708132E-3,-8.109323680E-4,3.057390451E-3,3.560091283E-3
7.866486458E0,-1.753832679E-3,-5.440833047E-4,-1.053199172E-3,2.116880773E-3
7.876443458E0,-3.987487871E-4,2.260920592E-3,-1.051209867E-3,2.525035584E-3
7.886400458E0,-1.492775511E-3,-3.285985440E-5,-1.320458949E-3,1.993256213E-3
7.896357458E0,-1.474816818E-3,-1.556612551E-4,2.688914537E-5,1.483252540E-3
7.906314458E0,1.086078701E-3,1.577930525E-4,3.463964909E-3,3.633664608E-3
7.916271458E0,4.313972313E-4,1.040920615E-3,3.689158708E-3,3.857396955E-3
7.926228458E0,3.866560291E-4,-1.013974659E-3,5.884394050E-4,1.234466860E-3
7.936185458E0,-3.079997376E-3,-1.790151000E-4,2.752054483E-3,4.134275525E-3
7.946142458E0,1.610696781E-4,-2.572931349E-3,2.438910306E-4,2.589479099E-3
7.956099458E0,1.125532202E-3,-1.371275634E-3,2.199728042E-3,2.825955247E-3
7.966056458E0,-1.397013897E-3,6.324872375E-4,2.202924341E-3,2.684131812E-3
7.976013458E0,-1.436379738E-3,1.336488873E-3,1.235030591E-3,2.318337728E-3
7.985969458E0,-1.053150743E-3,-1.348244026E-3,-5.607306957E-5,1.711733809E-3
7.995926458E0,1.856624149E-4,-8.819215000E-4,-1.813426614E-3,2.025036333E-3
8.005883458E0,1.306587015E-3,2.587102354E-4,7.661804557E-5,1.334155515E-3
8.015840458E0,-1.727326307E-4,-1.362115145E-4,2.977594733E-3,2.985709385E-3
8.025797458E0,1.692545367E-3,5.436930805E-4,1.025494188E-3,2.052303661E-3
8.035754458E0,-8.739214391E-4,-4.468457773E-4,1.498408616E-3,1.791267208E-3
8.045711458E0,-1.439576736E-3,-2.106241882E-4,4.382058978E-4,1.519463108E-3
8.055668458E0,-3.056845162E-4,1.942068338E-4,1.597788185E-3,1.638318162E-3
8.065625458E0,-1.827148255E-3,1.826724038E-3,1.658052206E-4,2.588992628E-3
8.075582458E0,-2.113734838E-3,1.237308607E-4,1.114577055E-3,2.392794663E-3
8.085539458E0,4.447638057E-4,-6.523141637E-4,-1.646857709E-3,1.826326620E-3
8.095495458E0,-9.310492314E-4,-1.204784960E-3,-3.890208900E-4,1.571526876E-3
8.105452458E0,1.149145886E-3,5.403840914E-4,-2.631135285E-3,2.921544818E-3
8.115409458E0,-8.905623108E-4,-2.058081329E-3,8.375532925E-4,2.393803564E-3
8.125366458E0,-9.416949470E-4,8.032191545E-4,3.443360329E-4,1.284724751E-3
8.135323458E0,2.551293932E-3,-1.329593360E-4,-1.259084791E-3,2.848170189E-3
8.145280458E0,-5.486255977E-4,-1.175054349E-3,1.619260758E-3,2.074547703E-3
8.155237458E0,-8.443272673E-4,-2.452926710E-4,6.046481431E-4,1.067078444E-3
8.165194458E0,-2.437430434E-3,-1.428268850E-3,-4.664771259E-4,2.863323233E-3
8.175151458E0,-1.205221983E-3,7.496252656E-4,4.692945629E-3,4.902880454E-3
8.185108458E0,-3.458198626E-4,-7.132496685E-4,3.304373473E-3,3.398117202E-3
8.195065458E0,-6.525798235E-4,1.518423669E-3,3.554075956E-4,1.690498573E-3
8.205021458E0,3.474371042E-4,-2.226513810E-3,-4.062246531E-3,4.645419590E-3
8.214978458E0,2.248982200E-3,-4.214392975E-4,-2.725340426E-3,3.558512675E-3
8.224935458E0,2.158967312E-3,-2.781609073E-4,-1.547422260E-3,2.670773109E-3
8.234892458E0,-1.022225711E-3,1.081032678E-4,1.133475453E-3,1.530162842E-3
8.244849458E0,-9.239551146E-4,9.853485972E-4,5.092322826E-4,1.443579727E-3
8.254806458E0,1.385150594E-3,1.157618128E-3,3.264494240E-3,3.730367883E-3
8.264763458E0,1.933229156E-3,-1.412065700E-3,1.109730452E-3,2.638712979E-3
8.274720458E0,-3.004599130E-3,1.437920146E-3,-9.785071015E-4,3.471700797E-3
8.284677458E0,3.903985489E-4,-7.021958008E-4,-1.933783293E-3,2.094041020E-3
8.294634458E0,4.816942383E-4,-1.205855981E-3,-2.197038382E-3,2.552076730E-3
8.304591458E0,3.725045826E-4,9.377226233E-4,-2.471078187E-3,2.669140459E-3
8.314548458E0,-1.439952990E-3,7.762899622E-4,9.342543781E-4,1.883858265E-3
8.324504458E0,-9.635132737E-4,5.983905867E-4,5.542188883E-4,1.262373835E-3
8.334461458E0,-2.534433501E-3,-1.713521779E-3,-3.922060132E-4,3.084369565E-3
8.344418458E0,-1.309113344E-3,4.835864529E-4,-1.440424472E-3,2.005606209E-3
8.354375458E0,-8.536288515E-4,3.590015694E-4,3.166090697E-3,3.298741373E-3
8.364332458E0,1.073168241E-3,-1.217856072E-3,-1.873634756E-4,1.634003843E-3
8.374289458E0,9.480657754E-4,-3.837803379E-4,2.833858132E-3,3.012784091E-3
8.384246458E0,2.408809727E-3,-1.133726910E-3,-7.351487875E-5,2.663288464E-3
8.394203458E0,1.083068666E-3,-1.843882725E-3,-9.807161987E-4,2.352603983E-3
8.404160458E0,1.232738257E-3,-8.374741301E-4,-3.007117659E-3,3.356153027E-3
8.414117458E0,7.578718942E-4,3.843167797E-4,-7.969252765E-4,1.164971713E-3
8.424074458E0,-2.566818381E-3,1.197645441E-3,1.687537879E-3,3.297073747E-3
8.434030458E0,-6.008401979E-4,1.639817841E-3,1.136869192E-3,2.083862533E-3
8.443987458E0,1.552591915E-3,2.342092805E-3,-8.828714490E-4,2.945403598E-3
8.453944458E0,-1.324374229E-3,-9.385682642E-5,4.798099399E-4,1.411734316E-3
8.463901458E0,-1.058857189E-3,2.259844914E-3,-3.012925386E-3,3.912262385E-3
8.473858458E0,-2.395038493E-3,4.046959803E-4,-9.350180626E-4,2.602738365E-3
8.483815458E0,1.519808429E-3,1.366896555E-3,4.395842552E-5,2.044543029E-3
8.493772458E0,5.122600123E-5,-5.026590079E-4,2.749662846E-3,2.795699546E-3
8.503729458E0,2.313315170E-3,-9.626056999E-5,1.978676766E-3,3.045628821E-3
8.513686458E0,-4.516129848E-4,6.073713303E-4,4.247788340E-3,4.314691183E-3
8.523643458E0,-1.055351458E-3,-5.926489830E-4,5.201622844E-4,1.317409701E-3
8.533600458E0,2.343112603E-3,-4.637567326E-4,-2.444602549E-3,3.417795869E-3
8.543556458E0,3.603892401E-4,8.885962889E-4,-3.758873791E-3,3.879254560E-3
8.553513458E0,5.730509292E-4,-9.592780843E-4,-1.695908606E-3,2.030937668E-3
8.563470458E0,2.161874436E-4,7.957452908E-4,-5.116015673E-4,9.704039068E-4
8.573427458E0,9.541554609E-4,1.715295948E-3,3.172300756E-3,3.730434950E-3
8.583384458E0,6.859751884E-4,-1.371040940E-3,6.226949394E-3,6.412894352E-3
8.593341458E0,9.629792767E-4,8.326983079E-4,2.234075218E-3,2.571343548E-3
8.603298458E0,-1.647983678E-3,7.211118937E-4,2.887081355E-3,3.401630685E-3
8.613255458E0,5.405799020E-4,3.628432751E-6,-3.619749099E-3,3.659893897E-3
8.623212458E0,1.883345656E-3,-1.093327068E-3,-4.070889205E-3,4.616762270E-3
8.633169458E0,-1.393238315E-3,-6.097937003E-4,-2.671740949E-3,3.074274070E-3
8.643126458E0,-7.839070167E-4,-6.830310449E-4,4.188295454E-3,4.315421234E-3
8.653083458E0,3.322800621E-4,1.113060862E-4,3.677845001E-3,3.694501717E-3
8.663039458E0,-2.375089563E-3,1.472980715E-3,3.885038197E-3,4.785837901E-3
8.672996458E0,9.258775972E-4,-3.252200782E-3,-1.573797315E-3,3.729731524E-3
8.682953458E0,-1.071759500E-3,-1.972818747E-3,-4.436697811E-3,4.972420909E-3
8.692910458E0,1.904979697E-3,-2.055679448E-3,-2.906095237E-3,4.037345064E-3
8.702867458E0,4.715844989E-5,-3.081131727E-4,2.849064767E-4,4.222905955E-4
8.712824458E0,9.721573442E-4,-1.322444528E-3,1.187115908E-3,2.025634126E-3
8.722781458E0,1.801331528E-4,-2.504621632E-3,4.586640745E-3,5.229039185E-3
8.732738458E0,-2.005660674E-3,-3.529079258E-4,7.035557181E-3,7.324362333E-3
8.742695458E0,1.922463998E-4,2.182953991E-3,3.702078015E-3,4.302049329E-3
8.752652458E0,-6.495777052E-4,1.167478040E-4,-2.749733627E-3,2.827828896E-3
8.762609458E0,1.686813426E-3,1.223557629E-3,-4.240307957E-3,4.724684579E-3
8.772565458E0,-2.120243385E-3,9.233215824E-4,-4.354190081E-3,4.930205475E-3
8.782522458E0,-3.806666937E-4,2.710568719E-3,-2.711821347E-3,3.853059165E-3
8.792479458E0,3.151310841E-3,-2.248190343E-3,-8.288882673E-4,3.958809871E-3
8.802435833E0,1.165924361E-3,-1.254032366E-3,2.264637500E-3,2.839112502E-3
8.812392833E0,1.066864352E-3,-7.544727996E-4,3.235388547E-3,3.489293310E-3
8.822349833E0,-1.877792878E-3,1.056476496E-3,2.713143826E-3,3.464592054E-3
8.832306833E0,-7.120342925E-4,2.002443187E-3,-8.685514331E-5,2.127043809E-3
8.842263833E0,-1.109587029E-4,-5.065212026E-4,-2.485565841E-3,2.539077217E-3
8.852220833E0,5.195459817E-4,9.949225932E-5,-3.004603088E-3,3.050814064E-3
8.862177833E0,8.423209656E-4,1.961654052E-4,-2.680230886E-3,2.816313739E-3
8.872134833E0,6.755334325E-4,-8.642580360E-4,-1.481734216E-4,1.106906832E-3
8.882090833E0,4.143477418E-5,6.121983752E-4,1.935217530E-3,2.030165160E-3
8.892047833E0,1.224391162E-4,-6.585195661E-5,1.580305398E-4,2.104791412E-4
8.902004833E0,2.179731149E-3,-2.035791986E-3,6.027780473E-4,3.042863498E-3
8.911961833E0,2.165366895E-4,7.685478777E-4,4.816763103E-4,9.325052526E-4
8.921918833E0,-1.362717943E-3,-1.081815921E-3,3.191705793E-3,3.635149481E-3
8.931875833E0,4.264504183E-3,1.978250220E-4,3.835111856E-4,4.286281780E-3
8.941832833E0,1.420780667E-3,-1.107390970E-3,-2.239968628E-3,2.874437670E-3
8.951789833E0,-2.089374932E-3,-8.986433968E-4,-3.071319312E-3,3.821786215E-3
8.961746833E0,-8.318303153E-4,-9.364597499E-4,1.007579267E-3,1.607518123E-3
8.971703833E0,-1.299211988E-3,2.119969577E-4,-5.108602345E-4,1.412045566E-3
8.981660833E0,-1.204403583E-3,4.780469462E-4,2.273742110E-3,2.617063250E-3
8.991616833E0,2.406834625E-3,4.658224061E-4,3.521580249E-3,4.290847338E-3
9.001573833E0,2.459457610E-4,4.312014207E-4,3.002263606E-3,3.043026576E-3
9.011530833E0,1.422016299E-3,1.138569787E-3,-2.108354121E-3,2.786328878E-3
9.021487833E0,1.962371636E-3,1.306614839E-3,-3.620762378E-3,4.320655618E-3
9.031444833E0,2.580161206E-3,-3.360863775E-4,-4.774566740E-3,5.437524571E-3
9.041401833E0,7.023662329E-4,1.118574291E-4,-2.854160964E-3,2.941439311E-3
9.051358833E0,-2.980503254E-3,-9.155580774E-4,6.070397794E-4,3.176498628E-3
9.061315833E0,-6.817514077E-6,8.499156684E-5,3.034513444E-3,3.035711100E-3
9.071272833E0,1.618658775E-3,-7.372312248E-4,2.724003047E-3,3.253268926E-3
9.081229833E0,-2.765703481E-3,3.348756582E-5,1.795358956E-3,3.297506776E-3
9.091186833E0,-1.444817521E-3,9.593991563E-4,-2.707939595E-3,3.215724065E-3
9.101143833E0,5.134637468E-5,1.712541096E-3,-4.901852459E-3,5.192647781E-3
9.111099833E0,2.660888014E-3,-4.724133760E-5,-4.196114838E-3,4.968896910E-3
9.121056833E0,-1.683526672E-3,-3.307483159E-3,-1.250658184E-3,3.916357083E-3
9.131013833E0,2.447743900E-4,2.079024911E-3,1.421466470E-3,2.530380605E-3
9.140970833E0,-2.499613212E-3,3.185309470E-5,3.914184868E-3,4.644343228E-3
9.150927833E0,2.490232000E-3,-2.756205387E-3,2.777945250E-3,4.638416041E-3
9.160884833E0,-3.657420166E-4,9.284447879E-5,2.691391855E-3,2.717715482E-3
9.170841833E0,1.623504213E-3,-1.170643605E-3,6.184019148E-4,2.094896969E-3
9.180798833E0,-2.481653355E-4,-2.159475349E-3,-1.282297075E-3,2.523728512E-3
9.190755833E0,2.873476595E-3,5.130395293E-4,-4.052102566E-3,4.993957599E-3
9.200712833E0,-6.935612764E-4,-2.074222080E-3,1.255311072E-3,2.521751449E-3
9.210669833E0,1.793415286E-4,-1.961066388E-3,3.739893436E-3,4.226670992E-3
9.220625833E0,-1.849987544E-3,5.873125046E-4,1.973953098E-3,2.768371493E-3
9.230582833E0,-3.861752339E-4,3.872839734E-4,2.190586179E-3,2.257828159E-3
9.240539833E0,1.467917464E-3,7.457453758E-4,1.037344337E-4,1.649751096E-3
9.250496833E0,5.155794788E-4,7.582465187E-4,-2.010617405E-3,2.209828575E-3
9.260453833E0,1.326778322E-3,-5.794595927E-4,-2.400238067E-3,2.803079898E-3
9.270410833E0,-1.030538231E-3,3.654975444E-4,-2.141006291E-3,2.404060199E-3
9.280367833E0,5.148942582E-4,7.095187902E-5,2.826321870E-3,2.873716336E-3
9.290324833E0,-1.159974607E-3,9.880205616E-4,3.550183028E-3,3.863356734E-3
9.300281833E0,2.837250941E-4,-1.062612981E-3,1.613531262E-3,1.952723587E-3
9.310238833E0,1.450520940E-4,-1.887292601E-3,-5.588773638E-3,5.900618972E-3
9.320195833E0,-7.987723220E-4,1.406772062E-3,-7.216230035E-3,7.395337773E-3
9.330151833E0,1.365010627E-3,-1.215502620E-3,-5.583621562E-3,5.875162157E-3
9.340108833E0,4.517128225E-3,-4.051029682E-4,-2.381436527E-3,5.122479453E-3
9.350065833E0,-2.067815512E-5,6.118388847E-4,1.925490797E-4,6.417550584E-4
9.360022833E0,1.829153392E-3,-2.334415913E-3,1.150220633E-3,3.180928684E-3
9.369979833E0,-6.550746039E-4,1.006647944E-3,4.775051028E-3,4.923776512E-3
9.379936833E0,2.113281284E-3,4.220837727E-4,8.106678724E-4,2.302454102E-3
9.389893833E0,1.570491469E-3,6.751911715E-4,-1.329183578E-3,2.165422721E-3
9.399850833E0,-6.708642468E-5,-2.723615617E-4,-3.539606929E-3,3.550703961E-3
9.409807833E0,-7.506723050E-4,-1.169986092E-3,-5.886606872E-3,6.048513605E-3
9.419764833E0,-3.778298851E-4,7.586758584E-4,-3.113724291E-3,3.227014633E-3
9.429721833E0,2.761662006E-3,-7.839407772E-5,9.812973440E-4,2.931870929E-3
9.439677833E0,1.471626922E-3,-2.367381006E-3,3.833543509E-3,4.739855954E-3
9.449634833E0,4.028263502E-4,-1.129246317E-3,2.965085208E-3,3.198311524E-3
9.459591833E0,-3.236839548E-4,8.436236531E-4,3.322847188E-4,9.627488275E-4
9.469548833E0,2.638774458E-4,-4.376331344E-4,-3.628503531E-3,3.664313298E-3
9.479505833E0,-1.036810456E-3,1.029501669E-3,-1.762159169E-3,2.289116542E-3
9.489462833E0,1.742754481E-3,-6.318930537E-5,-3.013126552E-3,3.481395940E-3
9.499419833E0,-1.305499813E-3,8.787708357E-4,4.646964371E-4,1.640887175E-3
9.509376833E0,7.506335387E-4,-1.092175953E-3,1.982472837E-3,2.384637828E-3
9.519333833E0,-1.390814548E-3,-4.785843194E-4,4.450157285E-3,4.686929476E-3
9.529290833E0,2.146585146E-3,-9.030550718E-4,2.372305840E-3,3.324330196E-3
9.539247833E0,4.996862262E-4,1.315828413E-4,4.902482033E-4,7.122806116E-4
9.549203833E0,8.444982814E-4,-2.041999251E-4,1.103486866E-3,1.404477917E-3
9.559160833E0,3.397670807E-3,-6.241798401E-4,-1.335702837E-3,3.703764228E-3
9.569117833E0,1.381233218E-3,-5.600228906E-5,-1.737661660E-4,1.393246618E-3
9.579074833E0,1.617189264E-3,2.140572295E-3,-3.833584487E-4,2.710039587E-3
9.589031833E0,-2.455585636E-4,-9.522773325E-6,1.982141286E-3,1.997316642E-3
9.598988833E0,-5.598117132E-4,1.756951213E-3,4.465617239E-4,1.897283345E-3
9.608945833E0,2.256175503E-5,-9.393570945E-4,-2.392817289E-3,2.570695501E-3
9.618902833E0,1.522187842E-3,-1.163328998E-3,-1.174155623E-3,2.247005031E-3
9.628859833E0,2.716939664E-3,1.812594943E-3,-2.050925046E-3,3.856624834E-3
9.638816833E0,1.468715956E-3,3.563789651E-4,-3.788370639E-3,4.078711148E-3
9.648773833E0,8.363710949E-4,7.467288524E-4,1.953203231E-3,2.252137529E-3
9.658729833E0,5.234496202E-4,5.009192973E-4,2.366259694E-3,2.474692827E-3
9.668686833E0,-2.016897546E-3,-1.218107529E-3,1.754041761E-3,2.937400920E-3
9.678643833E0,-7.729348727E-4,-1.053790562E-3,4.706643522E-4,1.389038444E-3
9.688600833E0,-1.022108132E-3,6.304113194E-4,-1.369513571E-3,1.821452960E-3
9.698557833E0,3.520712024E-3,1.236116514E-4,-8.786953986E-4,3.630812388E-3
9.708514833E0,-1.069088466E-5,1.626167446E-3,2.323277295E-3,2.835868870E-3
9.718471833E0,-1.151855337E-3,5.523813888E-4,2.251371741E-3,2.588546046E-3
9.728428833E0,5.722763017E-4,8.630193770E-5,1.560363919E-3,1.664236686E-3
9.738385833E0,6.600935012E-5,2.436945215E-4,-1.622736454E-5,2.529971966E-4
9.748342833E0,1.054039691E-3,6.993208081E-4,-1.060295850E-3,1.650538261E-3
9.758299833E0,1.011429122E-3,2.154242247E-4,-1.245919615E-3,1.619170205E-3
9.768255833E0,-1.484071370E-3,-8.965935558E-5,1.877289265E-3,2.394727880E-3
9.778212833E0,5.143645685E-4,6.957063451E-4,5.758032203E-4,1.039291863E-3
9.788169833E0,-1.722670393E-3,-1.423454843E-3,9.101927280E-4,2.412937582E-3
9.798127333E0,-2.486997517E-3,1.394702122E-3,3.970004618E-4,2.878881731E-3
9.808084333E0,1.680889633E-3,-3.845421597E-4,8.558481932E-4,1.925029548E-3
9.818041333E0,-1.464037457E-3,2.454919741E-3,-2.045933157E-3,3.515093042E-3
9.827998333E0,2.051896416E-3,1.613756642E-3,-3.958754241E-4,2.640304291E-3
9.837955333E0,2.942101564E-4,3.323239274E-3,-9.578019381E-4,3.471003233E-3
9.847912333E0,1.368574798E-3,-2.319645137E-4,-1.327954233E-3,1.921006756E-3
9.857869333E0,-7.512490265E-5,4.135854542E-4,1.963179559E-3,2.007677927E-3
9.867826333E0,9.264923865E-4,-1.205768436E-3,1.028075814E-3,1.835539578E-3
9.877782333E0,-8.088233881E-4,-8.217412978E-4,2.484560013E-3,2.739067814E-3
9.887739333E0,1.566933934E-4,8.302442729E-4,3.103930503E-3,3.216868499E-3
9.897696333E0,1.131410361E-3,1.718103886E-5,-1.520514488E-4,1.141711100E-3
9.907653333E0,8.680828614E-4,-1.425649971E-3,1.002121717E-3,1.946867645E-3
9.917610333E0,-1.451264136E-3,-3.071222454E-4,-4.956386983E-4,1.564017066E-3
9.927567333E0,3.732638434E-3,-5.477461964E-4,-5.969405174E-5,3.773086131E-3
9.937524333E0,1.914328896E-4,2.317548729E-3,6.428472698E-4,2.412660622E-3
9.947481333E0,-3.515812568E-4,3.705164418E-4,-1.602806151E-4,5.353332507E-4
9.957438333E0,-2.871464472E-3,3.316346556E-4,1.439478248E-3,3.229146542E-3
9.967395333E0,1.371503342E-3,-7.074382156E-4,-4.083663225E-4,1.596324935E-3
9.977352333E0,2.049277769E-3,-1.102385111E-3,-1.613445580E-3,2.831607132E-3
9.987308333E0,1.745642163E-3,3.181200475E-3,-1.620959491E-3,3.974268825E-3
9.997265333E0,-1.497555291E-3,4.301546142E-4,-8.062981069E-4,1.754372104E-3
1.000722233E1,-1.004586462E-3,-9.526293725E-4,1.852914691E-3,2.313004439E-3
1.001717933E1,4.787943326E-4,5.520572886E-4,-1.315977424E-3,1.505260059E-3
1.002713633E1,4.214064684E-4,5.008913577E-4,2.707283944E-3,2.785293865E-3
1.003709333E1,-2.128303749E-3,1.486483961E-5,1.214582473E-3,2.450532268E-3
1.004705033E1,3.352216445E-4,2.388646826E-4,2.322249115E-3,2.358446700E-3
1.005700733E1,-1.337775961E-3,-4.668729380E-4,3.615215421E-3,3.882962451E-3
1.006696433E1,4.857981112E-4,3.097895533E-4,3.752660006E-3,3.796633574E-3
1.007692133E1,-2.471038606E-4,-4.462813959E-4,2.824015915E-3,2.869720072E-3
1.008687833E1,1.544032712E-4,-2.619307488E-4,-4.720091820E-4,5.614630488E-4
1.009683433E1,2.345643006E-4,1.495275646E-4,-1.650456339E-3,1.673733859E-3
1.010679133E1,4.959292710E-5,-1.210452057E-3,-1.565914601E-3,1.979833877E-3
1.011674833E1,-1.284118043E-3,1.212225296E-3,-8.710958064E-4,1.969075220E-3
1.012670533E1,1.042620279E-4,-1.024491154E-3,1.201827079E-3,1.582668955E-3
1.013666233E1,-5.735123996E-4,1.673823223E-3,3.157652915E-3,3.619581824E-3
1.014661933E1,1.863627462E-3,-5.993237719E-4,4.536442459E-3,4.940810306E-3
1.015657633E1,-5.023246631E-4,3.570178524E-4,2.992875874E-3,3.055666509E-3
1.016653333E1,2.100912854E-3,1.304930076E-3,-4.935078323E-4,2.521949108E-3
1.017649033E1,1.077460125E-3,2.242196351E-4,-2.775304019E-3,2.985549726E-3
1.018644733E1,1.480894163E-3,-1.184223220E-3,-4.691500217E-3,5.060198261E-3
1.019640433E1,-8.200770244E-4,-3.112617880E-3,-3.966324031E-3,5.108095801E-3
1.020636033E1,2.629698953E-3,2.400744706E-4,-3.125071526E-4,2.659062439E-3
1.021631733E1,2.310918644E-3,1.619059592E-3,-2.232901752E-4,2.830469474E-3
1.022627433E1,2.650946844E-4,4.484476522E-4,1.971814781E-3,2.039469054E-3
1.023623133E1,6.376707461E-4,-1.754253171E-3,1.751303673E-3,2.559510251E-3
1.024618833E1,9.789280593E-4,1.270482317E-3,-1.096982509E-3,1.943140779E-3
1.025614533E1,5.110106431E-4,1.579941250E-3,-3.865603358E-3,4.207164788E-3
1.026610233E1,2.898306120E-4,8.750697598E-4,-2.544242889E-3,2.706089567E-3
1.027605933E1,2.111965558E-3,-2.631780691E-3,1.311674714E-4,3.376962101E-3
1.028601633E1,4.422760103E-4,-4.175119102E-5,3.427885473E-3,3.456551757E-3
1.029597333E1,-1.836324809E-3,-1.344303600E-3,1.339964569E-3,2.640974445E-3
1.030592933E1,2.079914091E-3,-3.022924066E-4,4.347413778E-4,2.146257997E-3
1.031588633E1,3.007892519E-5,-2.423720434E-4,-2.710185945E-3,2.721168280E-3
1.032584333E1,1.182925189E-3,-6.391005591E-4,-8.276458830E-3,8.384958693E-3
1.033580033E1,1.549642533E-3,1.494614407E-4,-4.598367959E-3,4.854762465E-3
1.034575733E1,-6.938166916E-4,6.928574294E-5,1.744750887E-3,1.878919310E-3
1.035571433E1,-3.266430227E-3,-3.381781280E-4,2.203349024E-3,3.954576816E-3
1.036567133E1,3.016558476E-4,6.172526628E-4,5.878210068E-4,9.041740076E-4
1.037562833E1,-3.782492131E-4,2.071871422E-3,-2.058293670E-3,2.944876312E-3
1.038558533E1,-3.877566662E-3,1.168146729E-3,-3.437973559E-3,5.312226670E-3
1.039554233E1,2.118540695E-3,4.493594170E-4,-4.634533077E-3,5.115567946E-3
1.040549933E1,1.493627788E-3,-8.206479251E-4,-2.703286707E-3,3.195644850E-3
1.041545533E1,6.568626268E-4,1.252090558E-3,3.141820431E-3,3.445320725E-3
1.042541233E1,1.207806519E-3,-2.510840073E-3,1.221787184E-3,3.042347512E-3
1.043536933E1,1.684778603E-3,-2.519096248E-3,1.338697970E-3,3.313070645E-3
1.044532633E1,-4.906719550E-5,-1.661535352E-4,2.840299159E-3,2.845577956E-3